trade_date,open_price,high_price,low_price,close_price,volume
2018-01-01,22.02,22.19,21.92,22.0,3040071
2018-01-02,21.9,21.99,21.67,21.91,3648270
2018-01-03,22.44,22.78,22.2,22.44,2792278
2018-01-04,23.69,23.87,23.61,23.69,2094357
2018-01-05,23.52,23.81,23.44,23.51,3361255
2018-01-08,23.36,23.42,23.31,23.34,2383676
2018-01-09,24.73,25.22,24.39,24.69,2568679
2018-01-10,25.41,25.45,25.15,25.39,2379615
2018-01-11,25.02,25.18,24.6,25.0,279631
2018-01-12,25.42,25.72,25.22,25.5,3575569
2018-01-15,25.11,25.17,25.07,25.11,2770871
2018-01-16,24.75,24.91,24.49,24.73,2655751
2018-01-17,25.0,25.06,24.8,24.96,2373330
2018-01-18,23.33,23.4,22.93,23.36,2538289
2018-01-19,21.99,22.35,21.85,22.01,1987335
2018-01-22,21.58,21.98,21.14,21.6,2870814
2018-01-23,20.89,20.94,20.72,20.87,1473595
2018-01-24,21.16,21.34,20.85,21.12,2561109
2018-01-25,20.46,20.56,20.44,20.48,2836136
2018-01-26,19.54,19.84,19.47,19.51,2283975
2018-01-29,20.56,20.58,20.33,20.55,2700631
2018-01-30,20.41,20.41,20.04,20.41,1708549
2018-01-31,20.47,20.64,20.28,20.48,1728232
2018-02-01,19.53,19.59,19.48,19.5,2607684
2018-02-02,19.16,19.2,18.85,19.15,2932233
2018-02-05,19.33,19.47,18.86,19.24,1066636
2018-02-06,18.47,18.58,18.24,18.5,2821326
2018-02-07,18.78,18.85,18.59,18.76,2043068
2018-02-08,18.37,18.44,18.33,18.38,2301069
2018-02-09,18.18,18.5,18.04,18.21,1461776
2018-02-12,17.85,18.39,17.8,17.85,1820608
2018-02-13,19.07,19.18,18.92,19.06,3156071
2018-02-14,19.18,19.23,18.95,19.07,2472525
2018-02-15,18.39,18.67,18.25,18.4,2168568
2018-02-16,18.91,19.05,18.68,18.95,2365743
2018-02-19,18.18,18.31,17.91,18.17,2812923
2018-02-20,18.25,18.47,17.84,18.32,2778785
2018-02-21,17.12,17.54,17.04,17.12,2400668
2018-02-22,16.36,16.62,16.28,16.36,3263230
2018-02-23,16.51,16.6,16.27,16.49,3174873
2018-02-26,16.97,17.12,16.88,16.94,2765612
2018-02-27,17.04,17.21,17.03,17.05,2502332
2018-02-28,16.99,17.11,16.78,17.0,2949302
2018-03-01,16.81,16.98,16.74,16.84,2697422
2018-03-02,15.97,16.03,15.81,16.0,3251481
2018-03-05,15.63,15.92,15.59,15.62,3134091
2018-03-06,15.34,15.59,15.34,15.38,1715165
2018-03-07,15.96,16.07,15.89,15.98,1666021
2018-03-08,16.15,16.29,16.12,16.18,1952411
2018-03-09,15.25,15.28,15.19,15.23,3198610
2018-03-12,15.47,15.54,15.18,15.42,1304909
2018-03-13,15.18,15.25,15.18,15.22,2770474
2018-03-14,14.83,14.99,14.78,14.88,2748211
2018-03-15,15.21,15.39,15.16,15.22,3345200
2018-03-16,15.79,15.88,15.69,15.79,2615914
2018-03-19,16.33,16.35,16.19,16.33,1482542
2018-03-20,15.85,16.2,15.79,15.87,1769571
2018-03-21,15.71,15.73,15.52,15.71,1604590
2018-03-22,15.92,16.13,15.79,15.91,2086228
2018-03-23,16.51,16.55,16.46,16.48,2352629
2018-03-26,16.15,16.26,16.11,16.22,1619887
2018-03-27,16.12,16.13,16.03,16.13,3591809
2018-03-28,15.54,15.54,15.41,15.53,1502273
2018-03-29,14.88,15.03,14.64,14.91,3502926
2018-03-30,15.4,15.64,15.14,15.35,3384499
2018-04-02,16.09,16.2,16.03,16.11,3171551
2018-04-03,16.08,16.31,16.07,16.08,1979515
2018-04-04,16.69,16.82,16.53,16.67,2758283
2018-04-05,16.88,16.94,16.67,16.9,1543712
2018-04-06,16.48,16.63,16.29,16.54,3188699
2018-04-09,16.75,16.85,16.73,16.76,2450228
2018-04-10,17.74,17.77,17.52,17.71,2199465
2018-04-11,17.69,17.87,17.55,17.7,1587805
2018-04-12,18.68,18.85,18.59,18.71,644536
2018-04-13,17.12,17.16,17.0,17.09,1729283
2018-04-16,17.59,17.76,17.44,17.6,3352481
2018-04-17,17.66,18.0,17.61,17.67,2210991
2018-04-18,17.51,17.92,17.36,17.51,2388600
2018-04-19,17.61,17.62,17.41,17.58,3013138
2018-04-20,16.49,16.79,16.2,16.41,3884246
2018-04-23,16.33,16.39,16.27,16.3,3523055
2018-04-24,16.56,16.6,16.28,16.52,1786671
2018-04-25,17.4,17.43,17.34,17.41,1053082
2018-04-26,17.08,17.32,16.94,17.12,4313268
2018-04-27,16.66,16.81,16.61,16.65,4247149
2018-04-30,16.38,16.46,16.36,16.38,2671481
2018-05-01,16.89,17.04,16.86,16.93,1565724
2018-05-02,17.13,17.15,17.13,17.14,3263089
2018-05-03,16.85,17.18,16.75,16.84,2451005
2018-05-04,17.17,17.39,17.15,17.16,2448668
2018-05-07,17.25,17.31,17.21,17.23,3216616
2018-05-08,17.85,17.9,17.57,17.84,2792153
2018-05-09,17.41,17.6,17.3,17.43,1635837
2018-05-10,17.22,17.35,17.21,17.24,2293110
2018-05-11,16.98,17.29,16.67,17.02,3046359
2018-05-14,16.25,16.3,16.07,16.19,2933019
2018-05-15,16.37,16.45,16.11,16.37,2745223
2018-05-16,16.53,16.82,16.39,16.54,3259810
2018-05-17,16.52,16.73,16.43,16.55,2271668
2018-05-18,16.53,16.75,16.3,16.43,2686363
2018-05-21,15.62,16.05,15.41,15.65,-32333
2018-05-22,15.42,15.47,15.16,15.44,2208372
2018-05-23,15.28,15.45,15.02,15.27,3139589
2018-05-24,14.88,14.91,14.52,14.86,2256421
2018-05-25,14.82,14.85,14.75,14.79,2199578
2018-05-28,15.07,15.18,14.73,15.01,1759318
2018-05-29,16.07,16.13,16.01,16.05,3330952
2018-05-30,16.13,16.45,16.08,16.16,2983309
2018-05-31,16.32,16.47,16.3,16.32,3198043
2018-06-01,16.31,16.56,16.15,16.3,1236590
2018-06-04,15.32,15.52,15.02,15.25,2442800
2018-06-05,15.21,15.57,15.02,15.25,2352058
2018-06-06,15.33,15.34,15.05,15.3,2353088
2018-06-07,16.7,17.25,16.62,16.69,2095749
2018-06-08,16.62,16.65,16.41,16.59,2305285
2018-06-11,16.78,16.94,16.57,16.78,3229959
2018-06-12,16.75,16.8,16.63,16.78,1097494
2018-06-13,16.15,16.17,15.89,16.12,3950896
2018-06-14,16.82,16.88,16.67,16.79,2952692
2018-06-15,17.29,17.44,17.19,17.26,2547175
2018-06-18,17.76,17.91,17.51,17.76,3283736
2018-06-19,17.2,17.54,16.95,17.22,1457952
2018-06-20,18.04,18.18,17.96,18.1,2069104
2018-06-21,17.28,17.44,17.13,17.25,2492058
2018-06-22,17.64,17.71,17.58,17.62,3647516
2018-06-25,19.01,19.33,18.91,19.04,2552898
2018-06-26,18.39,18.42,18.39,18.41,2940287
2018-06-27,18.05,18.15,17.84,18.07,2133573
2018-06-28,18.09,18.28,17.85,18.15,2972342
2018-06-29,17.82,17.99,17.59,17.84,3900821
2018-07-02,16.88,17.07,16.81,16.92,3372059
2018-07-03,16.96,17.01,16.91,16.97,2534595
2018-07-04,16.34,16.48,16.27,16.37,3126397
2018-07-05,16.6,16.73,16.34,16.66,3051764
2018-07-06,16.21,16.36,16.11,16.14,2998157
2018-07-09,17.1,17.18,17.03,17.06,3472835
2018-07-10,16.59,16.63,16.45,16.61,3469008
2018-07-11,16.45,16.49,16.4,16.44,2507700
2018-07-12,16.95,17.24,16.92,16.93,3111004
2018-07-13,16.27,16.48,16.01,16.23,2310197
2018-07-16,16.35,16.46,16.17,16.38,1888458
2018-07-17,17.2,17.29,17.03,17.16,2401932
2018-07-18,16.22,16.44,15.98,16.23,2554883
2018-07-19,16.31,16.55,16.21,16.35,1312106
2018-07-20,16.54,16.7,16.35,16.52,3293380
2018-07-23,17.04,17.38,16.83,16.99,444755
2018-07-24,16.37,16.39,16.27,16.29,4755236
2018-07-25,15.53,15.7,15.5,15.57,3803781
2018-07-26,15.89,15.95,15.72,15.87,2418340
2018-07-27,16.03,16.47,16.02,16.05,2632726
2018-07-30,16.23,16.58,16.11,16.2,2865569
2018-07-31,16.37,16.45,16.27,16.42,2163774
2018-08-01,16.0,16.14,15.88,16.04,2781805
2018-08-02,16.16,16.44,15.92,16.19,2517676
2018-08-03,16.37,16.38,16.13,16.37,2558400
2018-08-06,15.96,16.05,15.86,15.98,2777785
2018-08-07,17.1,17.28,16.75,17.08,1597193
2018-08-08,17.41,17.46,17.34,17.38,2668707
2018-08-09,16.7,16.77,16.5,16.68,2768308
2018-08-10,17.14,17.25,17.01,17.08,2742488
2018-08-13,16.54,16.79,16.48,16.53,2470872
2018-08-14,16.96,17.08,16.85,17.0,3545807
2018-08-15,17.77,17.97,17.56,17.72,2364340
2018-08-16,17.22,17.24,16.7,17.24,2826955
2018-08-17,17.88,18.17,17.83,17.84,3678550
2018-08-20,18.18,18.27,17.81,18.12,2586403
2018-08-21,18.68,18.84,18.35,18.67,2821571
2018-08-22,19.91,19.99,19.74,19.96,2575821
2018-08-23,19.78,19.84,19.66,19.81,3639238
2018-08-24,19.36,19.55,19.17,19.31,2450224
2018-08-27,18.73,18.85,18.57,18.74,3680040
2018-08-28,18.23,18.52,18.22,18.23,2575949
2018-08-29,18.22,18.62,17.88,18.19,1974210
2018-08-30,18.46,18.48,18.06,18.43,3204057
2018-08-31,18.64,18.91,18.58,18.63,2419696
2018-09-03,19.18,19.35,18.86,19.19,3160636
2018-09-04,19.2,19.46,18.92,19.22,483045
2018-09-05,20.27,20.52,20.08,20.24,2671806
2018-09-06,20.09,20.3,19.82,20.07,2301126
2018-09-07,22.08,22.13,21.98,22.09,1818782
2018-09-10,22.65,23.28,22.23,22.6,2228669
2018-09-11,21.95,22.05,21.9,21.95,2213518
2018-09-12,21.13,21.26,21.0,21.17,2636690
2018-09-13,21.51,21.71,21.46,21.55,1578731
2018-09-14,21.36,21.47,21.33,21.4,2932341
2018-09-17,21.95,22.01,21.65,21.96,3778067
2018-09-18,22.4,22.54,22.28,22.35,2907221
2018-09-19,22.27,22.5,22.13,22.31,3333859
2018-09-20,21.68,21.8,21.48,21.68,3565705
2018-09-21,20.55,20.85,20.47,20.58,3682070
2018-09-24,20.26,20.37,19.79,20.27,4194984
2018-09-25,20.85,20.98,20.72,20.91,2286132
2018-09-26,21.08,21.14,20.95,21.09,2110436
2018-09-27,20.2,20.31,20.15,20.21,3324522
2018-09-28,20.37,20.5,20.12,20.35,3265628
2018-10-01,20.65,21.24,20.54,20.64,3321959
2018-10-02,19.98,20.28,19.88,20.03,4224632
2018-10-03,20.2,20.53,19.88,20.16,2707085
2018-10-04,20.22,20.4,20.09,20.22,3044504
2018-10-05,19.45,19.6,19.02,19.44,1906525
2018-10-08,19.7,19.75,19.55,19.7,4433579
2018-10-09,20.09,20.22,19.98,20.11,2430933
2018-10-10,20.92,21.01,20.8,20.91,2455285
2018-10-11,21.73,22.11,21.64,21.71,2425364
2018-10-12,19.79,20.04,19.62,19.86,2184463
2018-10-15,19.21,19.57,19.09,19.23,2116951
2018-10-16,19.59,19.74,19.39,19.6,2285485
2018-10-17,19.98,20.27,19.83,19.97,1601381
2018-10-18,20.4,20.52,20.04,20.36,2074988
2018-10-19,23.28,23.69,23.0,23.32,4304059
2018-10-22,23.78,24.01,23.51,23.81,3317292
2018-10-23,24.77,24.81,24.51,24.79,3474327
2018-10-24,25.62,25.73,25.47,25.66,3681366
2018-10-25,26.26,26.39,26.15,26.27,4219873
2018-10-26,26.05,26.23,25.69,26.01,1276200
2018-10-29,26.68,26.98,26.11,26.73,1719634
2018-10-30,26.07,26.43,25.85,26.04,2069179
2018-10-31,25.76,26.01,25.44,25.85,2343680
2018-11-01,25.41,25.74,25.38,25.44,2483503
2018-11-02,25.52,25.61,25.5,25.54,2364920
2018-11-05,27.81,28.68,27.35,27.72,2912450
2018-11-06,25.97,26.23,25.95,25.99,2763124
2018-11-07,26.52,27.33,26.31,26.64,2142450
2018-11-08,25.1,25.6,25.03,25.2,950725
2018-11-09,24.81,24.92,24.59,24.81,1922955
2018-11-12,25.83,25.96,25.73,25.8,2288711
2018-11-13,25.9,25.94,25.83,25.88,2538506
2018-11-14,24.95,25.34,24.87,24.94,1813559
2018-11-15,24.41,24.46,24.0,24.35,2340614
2018-11-16,24.93,25.31,24.62,24.96,1814471
2018-11-19,24.39,24.49,24.21,24.35,2644065
2018-11-20,24.48,24.71,24.33,24.56,1864221
2018-11-21,24.57,24.88,24.26,24.62,2050254
2018-11-22,24.0,24.26,23.9,24.09,1671743
2018-11-23,25.97,26.05,25.76,25.99,2627016
2018-11-26,26.59,26.81,26.16,26.59,2039134
2018-11-27,24.8,24.95,24.77,24.79,3506816
2018-11-28,24.98,25.25,24.89,24.98,3094212
2018-11-29,24.38,24.6,24.12,24.43,2702044
2018-11-30,25.18,25.6,25.0,25.19,2100740
2018-12-03,24.45,24.7,24.45,24.53,3078305
2018-12-04,24.52,24.6,24.06,24.45,3337230
2018-12-05,24.89,24.98,24.89,24.91,2884327
2018-12-06,25.67,26.05,25.61,25.7,4098883
2018-12-07,24.74,25.11,24.61,24.66,3150765
2018-12-10,24.34,24.66,24.16,24.4,3529798
2018-12-11,23.96,24.14,23.9,24.02,2883047
2018-12-12,23.44,23.5,23.07,23.49,3335672
2018-12-13,25.01,25.26,24.85,25.01,2111679
2018-12-14,25.42,25.96,25.34,25.39,2394687
2018-12-17,25.64,25.78,25.59,25.6,3069186
2018-12-18,26.6,26.83,26.32,26.46,3064799
2018-12-19,28.4,28.89,28.13,28.53,3204556
2018-12-20,29.64,29.75,29.37,29.6,3701133
2018-12-21,28.07,28.44,28.03,28.1,1593905
2018-12-24,27.62,27.92,27.47,27.65,1971258
2018-12-25,28.89,29.49,28.7,28.93,2979049
2018-12-26,25.41,25.52,25.2,25.45,2182618
2018-12-27,25.96,26.24,25.78,25.87,5617435
2018-12-28,27.47,27.55,26.88,27.42,3223543
2018-12-31,26.57,26.68,26.39,26.57,2727508
2019-01-01,26.61,26.68,26.31,26.54,2362489
2019-01-02,23.64,23.76,23.42,23.71,2393384
2019-01-03,22.84,23.29,22.79,22.9,2822978
2019-01-04,22.62,22.87,22.5,22.72,2893231
2019-01-07,21.74,22.24,21.38,21.77,2416981
2019-01-08,25.35,25.52,24.94,25.34,2572588
2019-01-09,24.13,24.33,24.09,24.13,3934433
2019-01-10,23.79,23.97,23.7,23.78,3970403
2019-01-11,23.84,24.05,23.53,23.91,3018973
2019-01-14,25.21,25.5,24.84,25.17,1678281
2019-01-15,23.97,24.11,23.93,23.96,3263700
2019-01-16,25.01,25.04,24.59,24.98,4122152
2019-01-17,24.91,25.16,24.62,25.01,3968679
2019-01-18,24.2,24.21,24.05,24.19,3434386
2019-01-21,24.54,24.73,24.22,24.6,4017415
2019-01-22,24.78,24.83,24.74,24.8,2862459
2019-01-23,24.33,24.45,24.21,24.3,3350009
2019-01-24,24.39,24.54,24.26,24.38,2244352
2019-01-25,24.04,24.33,23.89,24.08,3069295
2019-01-28,24.2,24.56,24.0,24.2,3949524
2019-01-29,24.71,24.86,24.25,24.79,2325380
2019-01-30,26.29,26.58,25.85,26.23,2095973
2019-01-31,25.13,25.17,25.08,25.14,2910630
2019-02-01,27.17,27.24,27.01,27.11,2637037
2019-02-04,25.31,25.76,25.26,25.34,3382258
2019-02-05,25.2,25.63,24.98,25.23,2447307
2019-02-06,25.74,25.87,25.47,25.78,4294974
2019-02-07,26.1,26.25,25.85,26.06,1738427
2019-02-08,25.48,25.92,25.35,25.52,3904048
2019-02-11,25.39,25.5,25.21,25.35,2187198
2019-02-12,24.92,25.14,24.78,24.94,1309832
2019-02-13,24.36,24.48,23.89,24.46,3044311
2019-02-14,25.19,25.22,24.88,25.22,2625885
2019-02-15,25.5,25.7,25.24,25.56,1897652
2019-02-18,24.97,25.43,24.95,24.97,1410474
2019-02-19,25.73,25.83,25.29,25.79,2840438
2019-02-20,26.14,26.37,26.09,26.09,3683167
2019-02-21,26.86,27.32,26.82,26.87,3350846
2019-02-22,27.48,27.87,27.38,27.49,2900637
2019-02-25,26.76,27.1,26.49,26.73,3263565
2019-02-26,26.29,26.36,26.01,26.23,2831831
2019-02-27,26.95,26.96,26.88,26.95,1631385
2019-02-28,27.52,27.73,27.43,27.56,1639820
2019-03-01,25.01,25.73,24.8,25.1,2685378
2019-03-04,25.19,25.62,24.96,25.23,2723291
2019-03-05,26.37,26.67,26.32,26.41,3593534
2019-03-06,25.89,26.08,25.53,25.89,3514938
2019-03-07,26.39,26.46,26.39,26.41,3385969
2019-03-08,26.29,26.3,26.03,26.25,2626146
2019-03-11,26.04,26.13,25.52,26.07,1680526
2019-03-12,27.12,27.17,26.85,27.12,3225087
2019-03-13,28.01,28.27,27.88,27.94,3324224
2019-03-14,28.79,29.15,28.72,28.77,814405
2019-03-15,30.14,30.63,29.67,30.15,2155232
2019-03-18,30.16,30.42,30.11,30.2,2280004
2019-03-19,30.91,30.99,30.7,30.95,2979999
2019-03-20,30.59,30.94,30.36,30.65,2185391
2019-03-21,30.99,31.15,30.93,31.02,2847888
2019-03-22,30.96,31.38,30.59,30.91,2700307
2019-03-25,31.03,31.12,30.82,31.04,2746181
2019-03-26,31.64,32.11,31.03,31.73,2265261
2019-03-27,30.97,31.17,30.68,30.86,2333490
2019-03-28,33.25,33.49,33.13,33.23,1952331
2019-03-29,32.02,32.19,32.01,32.11,3219428
2019-04-01,30.78,30.96,30.62,30.8,3386822
2019-04-02,32.11,32.3,31.95,32.11,2224137
2019-04-03,33.15,33.2,32.88,33.04,4214883
2019-04-04,33.72,34.24,33.62,33.8,2622645
2019-04-05,34.65,34.94,34.21,34.58,4227584
2019-04-08,34.69,35.38,34.52,34.6,2340535
2019-04-09,33.52,34.56,33.25,33.56,1137074
2019-04-10,33.66,33.78,33.52,33.68,3252171
2019-04-11,32.85,33.24,32.27,32.92,3120025
2019-04-12,34.08,34.63,33.32,34.09,2935014
2019-04-15,33.94,34.53,33.58,33.95,2346547
2019-04-16,33.05,33.38,32.8,33.01,2877903
2019-04-17,32.74,32.83,32.64,32.67,2463312
2019-04-18,33.13,33.65,32.98,33.18,2647038
2019-04-19,32.43,32.57,31.86,32.56,3648002
2019-04-22,31.66,31.74,31.27,31.66,3075161
2019-04-23,31.98,32.2,31.86,31.96,3449141
2019-04-24,32.28,32.56,32.24,32.27,2714219
2019-04-25,31.71,32.11,31.38,31.73,2619180
2019-04-26,31.24,31.51,31.21,31.24,1909654
2019-04-29,31.61,31.88,31.03,31.52,2597335
2019-04-30,30.01,30.22,29.97,29.99,10715
2019-05-01,28.55,28.85,28.33,28.57,2406831
2019-05-02,27.86,28.0,27.78,27.89,2854335
2019-05-03,27.7,28.02,27.24,27.71,3422805
2019-05-06,28.13,28.24,27.6,28.03,2693127
2019-05-07,29.54,29.6,29.36,29.55,3236428
2019-05-08,30.47,30.77,30.37,30.47,1014747
2019-05-09,30.3,30.62,30.25,30.33,2883746
2019-05-10,30.41,31.11,30.05,30.34,1456337
2019-05-13,29.43,29.63,29.31,29.32,1872232
2019-05-14,29.35,29.39,29.15,29.33,2773321
2019-05-15,29.06,29.11,28.93,29.06,4065413
2019-05-16,29.42,29.48,29.29,29.41,3268883
2019-05-17,28.46,28.84,28.19,28.6,2958938
2019-05-20,29.19,29.53,29.0,29.15,2927103
2019-05-21,30.79,30.83,30.48,30.79,2315190
2019-05-22,30.72,31.04,30.62,30.7,2466381
2019-05-23,31.11,31.62,30.73,31.16,3326976
2019-05-24,31.92,31.98,31.92,31.95,1724191
2019-05-27,31.51,32.14,31.32,31.53,3477108
2019-05-28,31.87,32.53,31.76,31.81,2609199
2019-05-29,31.83,31.98,31.79,31.85,3686780
2019-05-30,32.12,32.8,31.84,31.99,3808879
2019-05-31,31.19,31.24,30.93,31.16,1473287
2019-06-03,31.14,31.23,30.81,31.22,2443123
2019-06-04,31.79,31.95,31.27,31.8,2201025
2019-06-05,33.44,33.6,32.88,33.48,1351438
2019-06-06,34.51,34.7,34.34,34.66,2045879
2019-06-07,37.52,37.57,37.36,37.4,5137405
2019-06-10,36.5,36.65,36.22,36.45,3509567
2019-06-11,37.65,38.19,36.94,37.61,4676017
2019-06-12,37.9,38.15,37.26,37.89,3708802
2019-06-13,40.83,41.12,40.7,40.94,2310240
2019-06-14,39.8,40.24,39.03,39.83,2632573
2019-06-17,38.78,38.8,38.63,38.71,3499704
2019-06-18,37.87,38.16,37.69,37.95,3366728
2019-06-19,35.08,35.4,34.45,35.26,2461889
2019-06-20,34.63,34.72,34.52,34.65,1629591
2019-06-21,33.76,34.06,33.34,33.77,5920540
2019-06-24,33.99,34.09,33.71,33.98,2855878
2019-06-25,34.47,34.58,34.34,34.42,2692100
2019-06-26,36.83,37.69,36.34,36.79,3086678
2019-06-27,38.08,39.06,37.88,38.06,2769206
2019-06-28,37.43,37.43,36.86,37.34,3098227
2019-07-01,36.1,36.91,35.56,36.21,4144000
2019-07-02,36.91,37.03,36.86,36.88,2879463
2019-07-03,35.29,35.62,34.75,35.24,1948834
2019-07-04,37.52,37.72,37.41,37.61,2849053
2019-07-05,39.11,39.41,38.93,39.23,2578394
2019-07-08,44.7,45.68,44.52,44.77,4277624
2019-07-09,42.15,42.37,42.08,42.2,4052372
2019-07-10,44.36,44.61,44.19,44.29,3097084
2019-07-11,44.1,44.42,43.84,44.15,1850256
2019-07-12,46.07,46.29,45.73,46.15,1898800
2019-07-15,43.63,44.53,43.19,43.68,3018471
2019-07-16,42.91,44.03,42.2,42.81,3309682
2019-07-17,42.86,43.04,42.46,42.86,2669818
2019-07-18,42.95,43.08,42.84,42.97,2575871
2019-07-19,42.33,42.75,41.54,42.34,2475431
2019-07-22,43.42,43.71,43.28,43.31,2991257
2019-07-23,41.7,42.59,41.06,41.76,859480
2019-07-24,41.7,41.72,41.43,41.59,2019133
2019-07-25,41.82,42.73,41.46,41.8,2449403
2019-07-26,42.59,42.97,41.71,42.6,4111883
2019-07-29,43.93,44.45,43.19,43.71,2282654
2019-07-30,41.97,42.65,41.94,42.06,3185055
2019-07-31,39.87,40.05,39.5,39.9,3228434
2019-08-01,41.66,42.03,41.57,41.76,4202158
2019-08-02,42.37,42.42,41.85,42.29,4172178
2019-08-05,41.37,41.62,40.33,41.23,2975292
2019-08-06,43.72,44.25,43.21,43.57,2596954
2019-08-07,43.9,43.98,43.27,43.79,2427011
2019-08-08,45.66,46.26,45.63,45.67,2812781
2019-08-09,45.79,46.67,45.6,45.82,2638567
2019-08-12,49.13,50.02,48.57,49.3,3539171
2019-08-13,52.68,53.11,51.39,52.47,3419485
2019-08-14,52.11,52.26,51.33,52.06,3577491
2019-08-15,53.85,54.04,53.85,53.91,4187938
2019-08-16,55.33,55.52,55.08,55.19,4740696
2019-08-19,57.84,58.46,57.12,57.95,3156432
2019-08-20,56.12,56.25,54.85,56.07,4048234
2019-08-21,57.47,58.59,56.81,57.49,2724353
2019-08-22,59.79,60.11,58.3,59.71,4130455
2019-08-23,56.19,56.26,55.78,56.2,4019553
2019-08-26,53.81,54.4,53.48,53.97,3972963
2019-08-27,50.3,50.38,49.8,50.29,3137835
2019-08-28,49.97,50.47,49.55,49.87,2441031
2019-08-29,51.18,51.97,50.99,51.18,1776762
2019-08-30,54.08,54.76,53.97,53.99,3019540
2019-09-02,54.07,54.55,53.52,54.18,4464038
2019-09-03,57.41,57.53,56.59,57.41,2774904
2019-09-04,54.69,55.18,53.96,54.75,3781717
2019-09-05,51.71,52.19,51.43,51.63,3837627
2019-09-06,51.58,52.55,51.05,51.58,2803062
2019-09-09,52.39,52.68,52.18,52.32,4275829
2019-09-10,52.42,53.53,52.0,52.31,390720
2019-09-11,48.77,49.42,48.11,48.7,1942800
2019-09-12,48.62,49.08,48.06,48.59,2226600
2019-09-13,46.37,46.96,46.33,46.47,2316076
2019-09-16,47.61,47.83,47.36,47.61,3382872
2019-09-17,48.22,49.0,48.04,48.27,3341902
2019-09-18,46.72,46.84,46.26,46.75,3439470
2019-09-19,45.92,46.27,45.75,45.96,3627737
2019-09-20,44.24,44.33,43.53,44.33,2201339
2019-09-23,44.1,44.86,44.06,44.27,1954686
2019-09-24,45.75,46.24,45.35,45.81,3448387
2019-09-25,44.32,44.84,43.88,44.3,2500477
2019-09-26,45.01,45.61,44.82,45.13,1631514
2019-09-27,44.34,44.59,43.52,44.34,3985905
2019-09-30,43.33,43.99,42.92,43.17,4380428
2019-10-01,43.13,43.2,42.93,43.04,4532778
2019-10-02,41.68,42.11,41.23,41.55,3264442
2019-10-03,40.82,41.38,40.78,40.79,3673256
2019-10-04,39.24,39.39,39.06,39.15,4365585
2019-10-07,41.91,42.34,40.99,41.97,2499901
2019-10-08,42.01,42.16,41.47,42.06,4129032
2019-10-09,40.86,41.26,40.47,41.08,3354590
2019-10-10,41.53,42.23,41.27,41.43,3949880
2019-10-11,41.43,41.65,41.25,41.3,3274769
2019-10-14,40.98,41.51,40.93,41.02,4309858
2019-10-15,41.93,42.77,41.68,41.95,3312825
2019-10-16,43.05,43.19,42.72,43.12,1723311
2019-10-17,42.39,42.55,41.69,42.36,4461290
2019-10-18,41.65,42.16,41.27,41.55,2225362
2019-10-21,41.05,41.76,40.92,41.19,4280046
2019-10-22,38.07,38.4,37.74,38.04,3027941
2019-10-23,36.09,36.17,35.83,36.11,4212236
2019-10-24,37.92,38.51,37.02,37.91,4175738
2019-10-25,40.23,40.58,40.12,40.19,3518926
2019-10-28,39.86,40.13,39.79,39.88,3593967
2019-10-29,40.72,41.07,40.57,40.73,3515307
2019-10-30,41.19,41.63,41.07,41.21,1235562
2019-10-31,46.03,46.31,44.77,45.94,3233638
2019-11-01,47.86,48.04,47.53,47.82,2078220
2019-11-04,47.67,47.98,47.34,47.65,3286335
2019-11-05,46.01,46.5,45.36,46.12,2055014
2019-11-06,43.61,43.88,43.19,43.64,2016576
2019-11-07,44.07,44.12,43.61,43.99,4637541
2019-11-08,42.89,43.59,42.82,42.88,4136661
2019-11-11,40.89,41.08,40.16,40.84,3129472
2019-11-12,40.1,40.65,39.48,39.96,3308647
2019-11-13,38.59,38.92,38.0,38.51,2903122
2019-11-14,40.9,41.38,40.7,40.89,3674368
2019-11-15,42.16,42.4,41.6,42.21,2502690
2019-11-18,42.02,42.26,41.44,42.23,4077307
2019-11-19,44.5,44.66,44.23,44.52,2903846
2019-11-20,44.65,44.99,44.3,44.68,2747958
2019-11-21,43.43,43.71,42.59,43.39,3165952
2019-11-22,45.8,46.04,45.34,45.81,2588878
2019-11-25,46.69,46.97,46.19,46.72,3458943
2019-11-26,44.94,45.41,44.89,45.1,2642192
2019-11-27,44.76,45.04,44.11,44.84,3594479
2019-11-28,43.57,43.64,42.94,43.53,4303253
2019-11-29,41.65,41.71,41.38,41.51,2473798
2019-12-02,42.9,43.1,42.8,42.91,3032417
2019-12-03,45.95,47.55,45.56,45.92,3594564
2019-12-04,43.85,44.12,43.69,43.77,2746001
2019-12-05,44.6,44.76,44.26,44.68,3600842
2019-12-06,43.74,44.49,43.66,43.71,3688964
2019-12-09,54.58,55.14,53.49,54.66,4191713
2019-12-10,53.68,53.87,52.8,53.59,2589711
2019-12-11,52.05,52.93,51.83,52.04,2271006
2019-12-12,52.2,52.78,52.08,52.17,2875810
2019-12-13,50.64,51.02,50.11,50.72,2249424
2019-12-16,51.32,51.63,50.37,51.25,3708205
2019-12-17,51.42,51.58,49.87,51.21,2066921
2019-12-18,50.72,51.13,50.4,50.83,5395827
2019-12-19,49.25,49.54,48.64,49.28,4410351
2019-12-20,48.36,49.77,48.0,48.34,3189204
2019-12-23,49.76,50.28,49.52,49.68,4005893
2019-12-24,50.55,51.26,50.12,50.6,1618614
2019-12-25,48.67,49.28,48.52,48.95,5590380
2019-12-26,49.29,49.99,48.34,49.16,2619623
2019-12-27,50.59,50.89,50.39,50.52,3069650
2019-12-30,47.53,48.3,47.24,47.69,1412227
2019-12-31,48.59,48.97,48.0,48.65,3652858
2020-01-01,47.73,48.28,47.12,47.58,2130770
2020-01-02,48.72,49.16,47.99,48.58,3288136
2020-01-03,47.43,48.41,47.13,47.34,2671086
2020-01-06,44.47,44.58,44.22,44.49,2161204
2020-01-07,42.07,42.44,41.93,42.06,2424294
2020-01-08,42.16,42.24,42.0,42.17,3413419
2020-01-09,42.69,43.39,42.13,42.59,1968775
2020-01-10,41.23,41.97,40.81,41.3,2481062
2020-01-13,42.21,43.06,42.0,42.27,3838434
2020-01-14,40.0,40.12,39.77,39.92,5703586
2020-01-15,39.86,39.96,38.82,39.87,3663556
2020-01-16,38.35,38.43,37.99,38.25,2323739
2020-01-17,37.37,37.84,36.53,37.42,2854208
2020-01-20,37.51,37.64,36.68,37.51,3239382
2020-01-21,36.36,37.04,36.33,36.43,2873936
2020-01-22,35.98,36.79,35.94,35.98,4082181
2020-01-23,37.19,37.6,37.01,37.3,3423163
2020-01-24,36.55,36.9,36.5,36.59,4090649
2020-01-27,37.6,38.2,37.15,37.71,2913106
2020-01-28,36.33,36.4,36.23,36.28,4497699
2020-01-29,37.04,37.09,36.36,36.99,3058753
2020-01-30,38.81,39.21,38.65,38.94,2282587
2020-01-31,35.84,36.3,35.73,35.75,5327557
2020-02-03,34.97,35.01,34.27,34.79,1458923
2020-02-04,35.54,36.15,35.33,35.54,2510741
2020-02-05,35.27,36.0,35.11,35.32,2620069
2020-02-06,36.01,36.36,35.71,35.81,5658146
2020-02-07,35.0,35.32,34.99,35.09,4981063
2020-02-10,35.23,35.79,35.2,35.23,4680010
2020-02-11,35.08,35.2,34.82,35.07,2912443
2020-02-12,36.66,36.84,36.5,36.57,5589048
2020-02-13,36.95,37.27,36.74,36.93,3593806
2020-02-14,37.36,37.81,37.21,37.4,4186927
2020-02-17,36.83,37.21,36.34,36.9,3413835
2020-02-18,36.28,36.61,35.96,36.31,3192633
2020-02-19,35.72,35.89,35.58,35.79,2997339
2020-02-20,36.33,36.4,35.7,36.32,3039744
2020-02-21,35.78,35.88,35.56,35.82,3837676
2020-02-24,36.11,36.56,35.57,36.22,3604438
2020-02-25,39.08,39.79,38.67,38.98,3217617
2020-02-26,40.19,40.44,39.53,40.23,4721492
2020-02-27,39.71,39.84,39.11,39.81,357559
2020-02-28,41.54,41.82,41.4,41.55,3750394
2020-03-02,41.01,41.23,40.94,41.0,3955063
2020-03-03,38.08,38.22,37.9,38.21,4376147
2020-03-04,36.95,38.2,36.87,36.92,3193966
2020-03-05,34.54,34.79,34.39,34.61,3462146
2020-03-06,34.34,34.57,34.09,34.22,4224753
2020-03-09,34.31,34.56,33.77,34.27,4721103
2020-03-10,36.35,36.6,36.32,36.38,2969175
2020-03-11,36.77,36.83,36.71,36.83,3526415
2020-03-12,36.57,37.22,36.31,36.58,4911315
2020-03-13,37.74,38.19,37.52,37.69,1185583
2020-03-16,34.91,35.3,34.78,34.92,2592665
2020-03-17,35.22,35.34,35.01,35.24,4709378
2020-03-18,36.24,36.51,35.93,36.23,4345072
2020-03-19,34.4,34.45,33.91,34.44,3787136
2020-03-20,35.85,35.88,35.56,35.88,2834689
2020-03-23,36.18,36.56,35.57,36.34,2410096
2020-03-24,35.91,36.06,35.55,35.84,2697033
2020-03-25,36.7,37.32,36.02,36.68,4803299
2020-03-26,39.69,39.77,39.5,39.75,2662872
2020-03-27,40.19,40.52,39.96,40.04,3382957
2020-03-30,40.43,41.1,40.34,40.42,2541893
2020-03-31,39.73,40.31,39.26,39.82,4116917
2020-04-01,38.75,39.22,38.22,38.68,2756265
2020-04-02,39.89,40.15,39.63,39.86,3192813
2020-04-03,38.75,39.16,38.49,38.72,1628811
2020-04-06,38.82,39.27,38.35,38.85,1698708
2020-04-07,38.28,38.63,37.6,38.24,3301231
2020-04-08,38.9,39.1,38.39,38.92,1985179
2020-04-09,39.46,39.93,39.34,39.42,5378608
2020-04-10,40.75,41.14,40.55,40.91,1258399
2020-04-13,40.19,40.26,39.91,40.22,2507596
2020-04-14,40.02,40.73,39.84,39.88,3317749
2020-04-15,38.51,38.63,37.46,38.57,2940942
2020-04-16,37.96,38.21,37.95,38.01,2209727
2020-04-17,38.52,38.81,38.5,38.55,2355746
2020-04-20,39.52,39.83,39.29,39.62,2324353
2020-04-21,38.23,38.83,38.1,38.4,3024161
2020-04-22,39.6,39.64,39.28,39.62,5248713
2020-04-23,41.59,41.82,41.0,41.58,3389228
2020-04-24,42.22,42.86,41.68,42.23,4489099
2020-04-27,45.12,45.53,45.1,45.13,3818978
2020-04-28,43.97,44.2,43.68,43.97,4424511
2020-04-29,42.22,42.8,41.8,42.13,530890
2020-04-30,39.61,39.66,39.53,39.62,3016173
2020-05-01,41.74,42.22,41.43,41.79,4623113
2020-05-04,42.77,42.81,42.51,42.8,2752522
2020-05-05,42.8,43.5,42.0,42.75,5081371
2020-05-06,43.34,43.49,42.7,43.21,4805763
2020-05-07,41.53,41.67,41.05,41.58,2858687
2020-05-08,45.35,46.18,44.94,45.34,2826004
2020-05-11,45.62,46.18,45.2,45.58,2317365
2020-05-12,45.71,46.3,45.31,45.8,2702212
2020-05-13,47.02,47.69,46.51,47.02,2100511
2020-05-14,47.72,48.14,47.66,47.86,3763433
2020-05-15,48.11,48.46,47.8,48.28,1878781
2020-05-18,47.04,47.86,46.94,47.01,3941987
2020-05-19,47.8,48.04,47.58,47.83,3968160
2020-05-20,51.16,51.26,50.69,51.14,1675736
2020-05-21,53.65,53.76,53.22,53.65,4895901
2020-05-22,56.67,56.96,56.43,56.78,3858731
2020-05-25,55.82,56.64,55.75,55.82,4097396
2020-05-26,53.84,55.54,53.6,53.97,2584894
2020-05-27,53.93,54.32,53.62,53.78,3973218
2020-05-28,53.79,54.15,53.67,53.93,4481485
2020-05-29,56.07,56.55,55.76,56.09,3251974
2020-06-01,52.8,53.39,52.75,52.91,5366127
2020-06-02,55.93,55.97,55.76,55.87,3398472
2020-06-03,55.58,55.85,54.92,55.61,4504066
2020-06-04,54.78,55.28,54.64,54.84,3652260
2020-06-05,53.07,53.38,52.67,52.98,3948641
2020-06-08,50.04,50.35,49.5,50.04,1675387
2020-06-09,51.6,52.44,50.85,51.55,3735904
2020-06-10,51.63,51.98,50.87,51.73,2621643
2020-06-11,49.35,49.95,48.83,49.49,2510350
2020-06-12,47.35,48.1,46.6,47.34,5127545
2020-06-15,46.8,46.93,46.77,46.83,3151765
2020-06-16,49.75,50.01,49.38,49.69,2355140
2020-06-17,49.28,49.78,49.13,49.28,3007601
2020-06-18,46.82,47.07,46.28,46.8,2056634
2020-06-19,46.29,46.56,46.01,46.44,4825077
2020-06-22,46.22,46.37,45.76,46.04,2670862
2020-06-23,41.92,42.25,41.51,41.93,3913018
2020-06-24,41.95,43.01,41.36,41.89,4752738
2020-06-25,41.52,42.09,41.36,41.59,2872708
2020-06-26,42.68,43.15,42.33,42.66,3921037
2020-06-29,45.43,46.24,45.04,45.55,2337470
2020-06-30,47.47,47.9,47.38,47.42,5867595
2020-07-01,46.99,47.41,46.54,47.02,4337030
2020-07-02,45.28,45.64,45.06,45.27,3191668
2020-07-03,49.66,50.48,48.92,49.59,2603191
2020-07-06,49.61,49.82,49.47,49.73,3274474
2020-07-07,49.74,51.2,49.56,49.8,3045974
2020-07-08,49.85,50.61,49.37,49.81,5381612
2020-07-09,50.41,50.86,49.93,50.2,2146767
2020-07-10,49.98,50.67,49.85,49.99,3533826
2020-07-13,49.1,49.63,48.43,49.04,3379290
2020-07-14,48.14,48.16,47.67,48.15,3279755
2020-07-15,48.33,48.37,48.0,48.14,3290186
2020-07-16,47.11,47.58,47.08,47.28,3284040
2020-07-17,46.16,46.63,45.99,46.15,4295615
2020-07-20,46.22,46.74,45.65,46.37,4027721
2020-07-21,45.77,46.57,45.47,46.0,3835233
2020-07-22,48.56,48.95,48.33,48.53,306100
2020-07-23,44.28,44.29,44.03,44.27,3716778
2020-07-24,46.01,46.37,45.85,46.03,1717082
2020-07-27,48.12,48.22,48.07,48.13,4074892
2020-07-28,45.08,45.62,44.29,44.8,4925070
2020-07-29,44.28,44.44,44.17,44.3,2466883
2020-07-30,43.82,45.05,43.38,43.77,3149239
2020-07-31,41.65,41.87,41.0,41.71,2804366
2020-08-03,40.65,40.75,39.11,40.62,4688464
2020-08-04,39.09,39.23,38.9,39.11,3519738
2020-08-05,41.59,41.8,41.08,41.62,5198868
2020-08-06,43.2,43.26,43.04,43.04,3850359
2020-08-07,45.15,45.75,45.0,45.04,3675955
2020-08-10,46.25,46.39,45.41,46.24,3498374
2020-08-11,44.28,44.75,44.01,44.49,4271387
2020-08-12,43.68,44.03,43.52,43.72,1642519
2020-08-13,44.75,44.86,44.05,44.51,3520651
2020-08-14,42.67,42.8,42.42,42.69,3362106
2020-08-17,43.9,44.51,43.69,43.8,4183501
2020-08-18,43.6,44.1,42.92,43.48,3243742
2020-08-19,42.97,43.02,42.56,42.95,2367207
2020-08-20,44.0,44.22,43.76,44.07,3447909
2020-08-21,44.58,45.53,43.98,44.8,2323747
2020-08-24,44.34,44.62,44.1,44.28,1454543
2020-08-25,46.08,46.37,45.9,46.15,4196309
2020-08-26,44.49,44.76,43.64,44.48,4045069
2020-08-27,45.38,45.67,44.76,45.49,3931025
2020-08-28,46.46,46.5,46.27,46.49,4797689
2020-08-31,46.03,46.19,45.56,46.03,2762418
2020-09-01,46.62,46.91,46.35,46.6,1970177
2020-09-02,44.54,45.5,44.37,44.64,3381368
2020-09-03,46.26,47.11,45.8,46.15,3095213
2020-09-04,45.84,46.68,45.66,45.89,2583421
2020-09-07,44.95,45.45,44.3,45.1,3375621
2020-09-08,46.82,46.84,46.75,46.83,2825137
2020-09-09,45.73,45.9,45.47,45.73,1554896
2020-09-10,43.58,43.67,43.53,43.57,3004665
2020-09-11,41.41,41.54,40.89,41.3,2283419
2020-09-14,42.2,42.37,41.72,42.22,3706897
2020-09-15,40.4,40.56,40.11,40.41,2785092
2020-09-16,42.91,43.3,41.83,43.0,4625944
2020-09-17,40.08,40.18,39.69,40.02,5140460
2020-09-18,42.52,42.7,42.07,42.5,4179735
2020-09-21,42.82,43.2,42.35,42.86,1857300
2020-09-22,42.59,43.2,42.44,42.75,5044313
2020-09-23,42.1,42.23,41.49,41.98,5120063
2020-09-24,42.51,42.82,41.71,42.61,3497731
2020-09-25,42.54,43.09,42.54,42.59,4860627
2020-09-28,44.34,44.95,44.15,44.31,2905010
2020-09-29,44.42,44.59,44.2,44.53,1532810
2020-09-30,44.67,44.81,44.41,44.8,2689484
2020-10-01,44.09,44.45,43.51,44.28,5294025
2020-10-02,44.29,44.71,44.2,44.23,1927290
2020-10-05,44.7,44.75,44.52,44.75,3488208
2020-10-06,42.43,42.83,42.05,42.18,3525972
2020-10-07,40.2,40.62,40.12,40.28,2954383
2020-10-08,41.3,41.4,40.93,41.38,3028446
2020-10-09,41.61,41.84,41.07,41.66,3570506
2020-10-12,41.45,41.71,41.23,41.43,2906628
2020-10-13,41.46,41.87,41.21,41.5,2005566
2020-10-14,42.09,42.14,41.79,42.04,3725032
2020-10-15,41.21,41.32,41.1,41.29,4628101
2020-10-16,40.11,40.28,40.1,40.22,4415974
2020-10-19,40.38,40.59,39.85,40.53,2652677
2020-10-20,39.03,39.3,38.45,39.2,2189547
2020-10-21,39.76,40.14,39.6,39.8,3207873
2020-10-22,37.51,37.61,37.24,37.53,5158483
2020-10-23,38.9,39.64,38.72,38.94,4189670
2020-10-26,39.73,40.39,39.31,39.63,4252959
2020-10-27,40.12,40.4,39.78,40.02,4450697
2020-10-28,41.43,41.57,41.33,41.46,3958039
2020-10-29,43.83,44.19,43.76,43.99,3643142
2020-10-30,45.57,45.68,44.49,45.62,4216326
2020-11-02,42.76,43.75,42.22,42.81,2942371
2020-11-03,40.92,41.02,40.42,40.97,2026593
2020-11-04,40.07,40.35,39.52,40.12,4285889
2020-11-05,40.14,40.49,39.82,40.2,4831834
2020-11-06,40.94,41.3,40.52,40.97,2342469
2020-11-09,39.92,40.24,39.56,39.98,4396066
2020-11-10,40.29,40.7,39.66,40.27,5306958
2020-11-11,39.29,39.56,39.12,39.26,3527157
2020-11-12,38.39,39.48,37.99,38.46,2664526
2020-11-13,36.74,37.01,36.56,36.65,3662931
2020-11-16,35.44,36.31,35.43,35.51,2950384
2020-11-17,33.79,34.02,33.64,33.9,2881434
2020-11-18,32.82,33.22,32.65,32.79,3996760
2020-11-19,34.0,34.21,33.79,34.06,1836117
2020-11-20,32.99,33.08,32.68,32.97,2006616
2020-11-23,36.01,36.48,35.86,36.19,3562129
2020-11-24,36.95,37.35,36.84,36.85,3519432
2020-11-25,37.17,37.55,36.8,37.12,3909992
2020-11-26,35.95,36.4,35.79,36.06,5541129
2020-11-27,36.88,37.33,36.74,36.99,3658916
2020-11-30,36.4,37.03,35.99,36.28,4186102
2020-12-01,36.42,37.24,36.18,36.47,2511556
2020-12-02,39.86,41.15,39.78,39.92,4370582
2020-12-03,39.65,40.11,39.35,39.83,2992534
2020-12-04,41.47,42.75,40.53,41.5,3631417
2020-12-07,40.51,40.59,40.18,40.53,3440609
2020-12-08,40.57,40.73,40.24,40.51,4660945
2020-12-09,43.02,43.37,42.71,43.14,2160810
2020-12-10,42.11,42.4,41.75,42.24,1121907
2020-12-11,35.24,35.45,35.1,35.21,3334676
2020-12-14,36.2,36.6,36.06,36.13,4065312
2020-12-15,35.34,35.47,35.16,35.45,3728716
2020-12-16,36.36,36.9,36.17,36.28,4886045
2020-12-17,37.57,37.63,37.35,37.57,4037126
2020-12-18,38.52,38.65,38.39,38.43,2966419
2020-12-21,36.4,36.65,36.31,36.41,1080041
2020-12-22,35.35,36.01,34.98,35.53,3318984
2020-12-23,35.24,35.76,35.2,35.25,4677354
2020-12-24,35.27,35.54,34.63,35.19,3155774
2020-12-25,35.93,36.02,35.75,36.0,3608321
2020-12-28,36.23,36.39,36.16,36.25,4031905
2020-12-29,34.62,35.07,33.89,34.63,2490234
2020-12-30,34.92,35.47,34.52,35.12,4252274
2020-12-31,36.04,36.33,35.59,35.92,5344191
2021-01-01,36.59,37.3,35.89,36.66,3399598
2021-01-04,38.15,38.28,38.01,38.11,2372011
2021-01-05,39.26,39.87,39.25,39.27,3516808
2021-01-06,40.04,40.08,39.54,39.94,1194345
2021-01-07,39.91,40.37,39.62,39.88,3954531
2021-01-08,37.64,37.77,37.36,37.66,4080556
2021-01-11,38.2,38.76,37.86,38.27,5401507
2021-01-12,38.64,39.0,38.56,38.58,3386782
2021-01-13,38.84,39.21,38.79,38.99,4038448
2021-01-14,37.36,37.73,37.14,37.31,2669136
2021-01-15,35.88,36.43,35.55,35.96,3215598
2021-01-18,37.44,37.49,36.8,37.35,1953948
2021-01-19,37.34,37.45,36.91,37.33,3393044
2021-01-20,38.31,38.34,38.2,38.26,3274936
2021-01-21,38.34,38.71,38.33,38.34,3930386
2021-01-22,38.28,38.79,38.25,38.41,2933153
2021-01-25,39.66,39.94,39.43,39.73,3699932
2021-01-26,39.1,39.4,38.96,39.05,3250019
2021-01-27,39.23,39.24,39.19,39.22,3253419
2021-01-28,38.72,39.0,37.92,38.62,3701347
2021-01-29,38.11,38.16,37.64,38.08,3659681
2021-02-01,37.63,37.78,37.2,37.7,4443242
2021-02-02,37.97,38.06,37.75,38.03,3487776
2021-02-03,37.44,37.53,37.09,37.43,3240259
2021-02-04,38.97,39.34,38.9,39.15,3425321
2021-02-05,38.1,38.36,37.53,37.97,2846456
2021-02-08,37.79,38.37,37.36,37.76,3233416
2021-02-09,37.31,37.82,36.91,37.22,5835994
2021-02-10,39.06,39.6,38.08,39.19,2634511
2021-02-11,39.59,40.18,38.99,39.49,3325933
2021-02-12,41.16,41.21,40.32,40.98,3208773
2021-02-15,38.84,39.25,38.67,38.94,3363014
2021-02-16,39.4,39.68,38.88,39.34,3272766
2021-02-17,40.62,40.76,40.41,40.62,3939926
2021-02-18,40.65,40.99,40.24,40.78,1770976
2021-02-19,42.4,42.95,42.0,42.36,4770502
2021-02-22,41.71,42.05,41.44,41.64,4330684
2021-02-23,43.73,44.46,43.07,43.79,2283681
2021-02-24,47.61,47.62,47.34,47.5,1163107
2021-02-25,46.78,47.67,46.78,46.94,2576186
2021-02-26,46.12,46.26,45.98,46.26,3380541
2021-03-01,48.73,49.24,48.31,48.71,6470948
2021-03-02,51.53,52.57,51.31,51.53,4243694
2021-03-03,50.57,51.97,49.8,50.64,1670920
2021-03-04,50.03,50.87,49.32,49.94,2896426
2021-03-05,49.55,49.59,49.38,49.5,3595204
2021-03-08,47.35,48.19,47.11,47.27,3933207
2021-03-09,45.8,46.04,45.51,45.81,2214317
2021-03-10,44.32,44.87,44.25,44.27,3509923
2021-03-11,43.1,43.41,42.71,43.13,2871699
2021-03-12,43.3,43.56,42.8,43.12,2448801
2021-03-15,43.44,43.84,43.22,43.52,3947839
2021-03-16,46.18,46.79,45.69,45.98,4514784
2021-03-17,44.45,44.89,44.06,44.44,4590507
2021-03-18,45.92,46.58,45.68,46.04,4299043
2021-03-19,45.87,45.96,45.62,45.74,3121246
2021-03-22,45.71,46.27,45.56,45.7,4456915
2021-03-23,46.92,47.47,46.6,46.84,4012097
2021-03-24,45.18,45.22,44.6,45.07,3820783
2021-03-25,45.75,46.3,45.24,45.72,3000361
2021-03-26,45.98,46.74,45.19,46.03,3128223
2021-03-29,46.96,48.04,46.7,46.87,3759242
2021-03-30,47.39,47.47,46.44,47.39,6372294
2021-03-31,51.76,52.98,50.54,51.69,4013385
2021-04-01,50.38,50.74,49.35,50.6,3007091
2021-04-02,49.75,49.84,49.71,49.71,2763870
2021-04-05,48.62,48.89,47.85,48.68,3141592
2021-04-06,47.94,48.82,46.76,47.79,6094964
2021-04-07,46.83,47.1,46.58,46.77,3246532
2021-04-08,48.83,49.29,48.8,48.81,4693674
2021-04-09,51.39,51.57,50.57,51.34,3275028
2021-04-12,50.27,50.5,49.73,50.37,3982196
2021-04-13,49.13,49.73,48.76,48.97,4571851
2021-04-14,50.03,50.12,49.48,49.83,3061763
2021-04-15,48.96,49.06,48.54,48.92,2986249
2021-04-16,50.22,50.89,49.83,50.06,5539684
2021-04-19,50.4,51.37,49.95,50.46,4793420
2021-04-20,47.82,48.3,47.54,47.9,4580015
2021-04-21,50.61,50.84,50.18,50.61,4578113
2021-04-22,49.87,50.02,49.4,49.82,4215749
2021-04-23,48.77,48.95,48.47,48.81,5950088
2021-04-26,48.25,48.5,47.78,48.2,3756806
2021-04-27,48.75,49.14,48.44,48.72,4351878
2021-04-28,49.24,49.8,48.81,49.34,2095691
2021-04-29,50.59,50.73,50.52,50.54,2793700
2021-04-30,54.36,55.19,53.3,54.27,2376055
2021-05-03,42.36,42.67,42.05,42.35,5135668
2021-05-04,41.31,41.44,41.1,41.22,870670
2021-05-05,39.22,39.36,39.14,39.31,3269745
2021-05-06,38.39,39.19,38.25,38.35,379029
2021-05-07,38.25,38.51,38.05,38.34,2793463
2021-05-10,32.69,32.97,32.46,32.76,3174731
2021-05-11,32.16,32.34,31.87,32.21,5272022
2021-05-12,32.43,32.54,32.09,32.49,4169472
2021-05-13,32.46,32.67,32.2,32.5,2795930
2021-05-14,33.89,34.17,33.31,33.91,4921669
2021-05-17,37.14,37.66,36.95,37.08,3750602
2021-05-18,36.4,36.49,35.72,36.43,3774218
2021-05-19,35.73,36.5,35.48,35.84,2386556
2021-05-20,37.29,37.71,36.91,37.21,2625817
2021-05-21,38.08,38.34,37.48,38.14,2811752
2021-05-24,40.72,41.71,40.62,40.73,3790310
2021-05-25,41.64,41.86,41.48,41.6,3827098
2021-05-26,41.14,41.4,40.82,41.12,5474271
2021-05-27,42.11,42.89,41.83,42.02,4175090
2021-05-28,43.76,44.76,43.29,43.72,702909
2021-05-31,44.96,45.11,44.87,45.03,4040904
2021-06-01,46.08,46.22,45.8,45.88,2117193
2021-06-02,47.69,47.7,46.92,47.67,2662423
2021-06-03,49.69,50.16,49.3,49.71,2836538
2021-06-04,52.32,53.09,51.92,52.22,3005197
2021-06-07,53.49,53.9,52.59,53.46,2204911
2021-06-08,53.24,53.4,52.99,53.2,3984051
2021-06-09,53.79,54.7,53.06,53.52,2166510
2021-06-10,55.85,55.94,55.13,55.88,4159955
2021-06-11,48.77,49.4,48.09,48.8,6282258
2021-06-14,49.49,49.54,48.74,49.48,2261016
2021-06-15,48.95,49.26,47.97,48.85,3441266
2021-06-16,48.79,48.98,48.55,48.94,914490
2021-06-17,51.03,51.3,50.67,51.23,3425478
2021-06-18,51.56,51.71,51.12,51.62,4493257
2021-06-21,51.58,52.55,51.33,51.75,4583154
2021-06-22,49.34,49.65,49.29,49.39,3857457
2021-06-23,50.79,51.06,50.54,50.74,4777621
2021-06-24,51.85,53.15,51.69,51.95,6654850
2021-06-25,55.92,56.74,55.14,56.08,5713422
2021-06-28,55.54,56.75,55.21,55.53,3184095
2021-06-29,46.87,47.04,46.23,46.79,2133047
2021-06-30,56.79,57.9,56.46,56.98,3318574
2021-07-01,60.37,60.82,59.88,60.27,2706511
2021-07-02,60.22,61.99,59.51,60.13,4294163
2021-07-05,60.89,60.92,60.09,60.77,2442830
2021-07-06,62.28,62.87,61.48,62.13,3702389
2021-07-07,62.87,63.04,61.9,62.6,4738558
2021-07-08,61.64,62.56,61.47,61.68,3673670
2021-07-09,62.17,62.35,61.52,62.16,2713766
2021-07-12,64.54,64.74,64.39,64.6,5127290
2021-07-13,62.37,63.43,61.83,62.37,1654751
2021-07-14,62.91,63.93,62.31,62.72,3421041
2021-07-15,61.09,61.86,60.78,61.26,3748227
2021-07-16,63.82,64.01,62.55,63.93,3815299
2021-07-19,60.83,62.16,59.61,60.67,4004384
2021-07-20,59.67,60.47,59.07,59.55,4496139
2021-07-21,60.35,61.12,59.4,60.39,3761331
2021-07-22,63.96,64.03,63.68,63.85,3383283
2021-07-23,63.8,65.37,63.14,63.76,3339506
2021-07-26,62.78,62.78,61.54,62.59,3107975
2021-07-27,66.92,66.93,66.61,66.91,4707395
2021-07-28,63.79,64.58,63.62,63.66,3070432
2021-07-29,59.31,59.99,58.11,59.0,4778845
2021-07-30,60.04,60.73,59.9,59.97,3834027
2021-08-02,58.98,59.56,58.37,58.98,3217420
2021-08-03,57.04,57.28,56.3,56.96,4523149
2021-08-04,58.4,58.73,57.98,58.44,2983863
2021-08-05,59.27,59.92,58.79,58.99,4549389
2021-08-06,57.91,58.08,56.86,57.89,4063633
2021-08-09,55.37,55.89,55.21,55.4,3137737
2021-08-10,57.08,57.73,57.02,57.17,4429155
2021-08-11,58.67,58.8,58.48,58.54,4451507
2021-08-12,58.49,58.66,57.91,58.39,5154476
2021-08-13,62.28,62.56,60.92,62.35,4936774
2021-08-16,60.18,60.58,59.91,60.11,4393247
2021-08-17,56.86,57.19,56.85,57.03,2534691
2021-08-18,55.74,55.79,55.69,55.72,6646818
2021-08-19,55.73,55.95,55.5,55.68,2219252
2021-08-20,56.4,56.85,55.86,56.21,4927101
2021-08-23,55.7,55.96,55.52,55.79,4332877
2021-08-24,56.38,56.73,56.02,56.53,2486095
2021-08-25,54.06,54.86,53.84,54.15,3696339
2021-08-26,56.86,57.69,56.49,57.01,3750280
2021-08-27,57.05,57.44,56.54,56.9,5347566
2021-08-30,59.41,59.58,58.29,59.22,3021451
2021-08-31,60.03,60.85,59.49,59.99,3543366
2021-09-01,61.16,61.85,60.73,61.01,1150964
2021-09-02,62.31,62.46,61.74,62.3,5851505
2021-09-03,63.33,63.44,62.75,63.34,2613677
2021-09-06,64.79,65.58,64.38,64.84,4229353
2021-09-07,67.94,68.58,67.93,67.99,3735903
2021-09-08,68.31,68.8,67.29,68.52,3741309
2021-09-09,70.34,70.76,69.83,70.3,4793033
2021-09-10,70.14,71.46,69.27,70.15,5791810
2021-09-13,73.95,74.21,73.59,73.84,4150340
2021-09-14,72.19,72.27,71.86,72.18,4619400
2021-09-15,76.92,77.97,76.08,76.94,4243270
2021-09-16,76.77,77.33,75.25,76.9,5043143
2021-09-17,73.22,74.35,72.36,73.21,3328439
2021-09-20,61.84,62.14,61.65,61.75,5114208
2021-09-21,60.21,61.15,60.16,60.35,5156951
2021-09-22,62.21,62.42,61.81,62.2,5126504
2021-09-23,60.88,61.48,60.6,60.85,3104586
2021-09-24,59.88,60.72,59.79,59.96,3677201
2021-09-27,56.11,56.42,55.98,56.18,4152624
2021-09-28,55.37,56.36,54.84,55.34,2281870
2021-09-29,50.77,50.92,50.17,50.89,5732522
2021-09-30,48.22,48.53,47.87,48.19,3864545
2021-10-01,49.44,49.69,48.89,49.53,4210863
2021-10-04,51.07,51.5,50.9,50.96,3209900
2021-10-05,52.01,52.56,51.53,51.77,2337541
2021-10-06,50.01,50.14,49.57,50.09,3180904
2021-10-07,50.11,50.25,49.77,50.05,4141965
2021-10-08,50.02,50.21,49.6,50.09,4673371
2021-10-11,48.25,49.61,47.16,48.15,4078197
2021-10-12,50.66,51.48,50.1,50.79,4295650
2021-10-13,52.47,53.19,52.18,52.42,3498883
2021-10-14,51.98,52.4,51.06,52.07,4473661
2021-10-15,52.14,52.35,51.72,52.16,5628360
2021-10-18,52.48,53.75,52.29,52.59,4720940
2021-10-19,49.09,49.32,48.63,49.01,4845284
2021-10-20,48.55,48.77,47.98,48.63,4243999
2021-10-21,47.58,48.38,47.07,47.53,2142138
2021-10-22,45.9,46.37,45.12,45.93,2679816
2021-10-25,45.51,46.33,45.4,45.52,4437360
2021-10-26,48.54,48.61,48.07,48.52,3893229
2021-10-27,49.59,50.17,48.47,49.67,4423174
2021-10-28,48.75,49.39,48.35,48.73,5875050
2021-10-29,49.91,50.22,49.72,49.76,4762352
2021-11-01,52.22,52.7,51.28,52.3,5389562
2021-11-02,54.2,55.14,53.6,54.07,4024772
2021-11-03,54.4,55.24,53.96,54.23,2967016
2021-11-04,52.98,53.63,52.88,53.07,3848640
2021-11-05,54.27,54.8,54.06,54.43,2972204
2021-11-08,55.27,55.29,54.35,55.23,5752051
2021-11-09,56.98,57.51,56.75,57.04,4850946
2021-11-10,58.6,58.91,57.27,58.38,4535222
2021-11-11,60.62,60.64,60.33,60.62,5379217
2021-11-12,59.45,59.67,59.06,59.55,1546661
2021-11-15,62.27,63.25,62.05,62.41,4620141
2021-11-16,63.04,63.66,62.42,62.9,2383977
2021-11-17,67.62,68.12,67.56,67.7,3921686
2021-11-18,66.15,66.28,66.07,66.15,3564086
2021-11-19,70.49,70.58,69.29,70.35,4714101
2021-11-22,70.84,71.68,70.49,70.91,4204138
2021-11-23,69.36,70.12,67.93,69.37,5524721
2021-11-24,68.26,68.78,67.94,68.27,3226756
2021-11-25,67.66,67.67,67.37,67.57,4777341
2021-11-26,68.72,69.05,68.58,68.64,4132614
2021-11-29,69.94,70.02,69.71,69.97,2008278
2021-11-30,68.65,69.19,68.2,68.64,2856984
2021-12-01,68.59,68.97,68.16,68.64,3767965
2021-12-02,73.84,75.56,73.43,74.06,5263898
2021-12-03,78.78,79.83,78.02,78.74,4497674
2021-12-06,80.33,80.39,77.86,80.03,2566446
2021-12-07,80.06,80.77,79.84,80.2,3785077
2021-12-08,80.49,81.26,79.77,80.61,6345793
2021-12-09,82.29,83.61,81.14,82.44,4086383
2021-12-10,79.73,80.16,79.55,79.61,3567482
2021-12-13,79.04,79.38,78.91,78.97,4541271
2021-12-14,74.53,74.95,74.03,74.56,4865647
2021-12-15,75.53,76.62,73.63,75.67,3418489
2021-12-16,77.49,77.7,77.19,77.48,4559355
2021-12-17,76.01,77.22,75.28,76.25,3572441
2021-12-20,80.66,80.8,80.21,80.64,4820664
2021-12-21,77.45,78.1,76.67,77.32,4168460
2021-12-22,73.34,74.89,72.86,73.52,4541785
2021-12-23,73.94,74.51,73.89,74.17,3065469
2021-12-24,77.25,77.53,76.35,77.01,2992653
2021-12-27,81.66,82.3,81.43,81.76,5099399
2021-12-28,88.36,88.66,87.28,88.15,3879434
2021-12-29,91.6,91.91,90.1,91.63,4315560
2021-12-30,91.56,92.8,90.44,91.59,3611545
2021-12-31,91.2,92.23,90.12,91.12,5051339
2022-01-03,93.9,94.24,93.88,94.06,3254390
2022-01-04,96.35,96.72,95.41,96.32,3819678
2022-01-05,91.17,92.0,90.79,91.24,4922387
2022-01-06,95.91,96.77,95.31,96.16,5386846
2022-01-07,101.08,101.65,100.58,101.01,3359848
2022-01-10,98.86,98.97,97.56,98.91,6332092
2022-01-11,100.35,101.46,99.38,100.38,4364090
2022-01-12,101.98,103.24,101.93,102.22,2742113
2022-01-13,103.58,103.77,101.67,103.25,4434240
2022-01-14,101.55,103.15,101.18,101.38,3534869
2022-01-17,99.3,102.47,98.88,99.11,4515527
2022-01-18,99.05,101.04,98.4,99.11,3945388
2022-01-19,103.0,104.31,102.73,103.36,4087376
2022-01-20,105.85,106.43,104.16,105.44,2905941
2022-01-21,104.16,104.26,103.87,104.17,5189773
2022-01-24,106.96,107.49,105.62,107.12,2614490
2022-01-25,97.12,98.54,96.17,97.04,2672374
2022-01-26,101.35,101.82,100.69,101.11,4447323
2022-01-27,95.22,95.78,94.55,95.23,5934310
2022-01-28,94.35,94.61,92.78,94.11,3584820
2022-01-31,90.77,91.97,89.4,90.58,4853733
2022-02-01,86.45,88.2,86.43,86.64,5303733
2022-02-02,90.19,91.88,89.76,90.32,4994305
2022-02-03,89.1,89.95,88.84,88.93,3640076
2022-02-04,89.61,90.14,87.57,90.09,2701797
2022-02-07,90.0,92.77,89.37,90.03,1357003
2022-02-08,91.36,92.08,89.79,91.63,3702512
2022-02-09,91.87,92.14,91.58,91.96,5442083
2022-02-10,87.94,88.3,87.21,88.0,2665899
2022-02-11,91.14,91.43,90.85,91.2,4869283
2022-02-14,89.62,90.73,87.86,89.72,2878051
2022-02-15,84.85,85.68,83.91,85.04,4155162
2022-02-16,84.23,84.93,83.15,83.85,4883935
2022-02-17,88.78,89.56,87.96,88.45,3232702
2022-02-18,90.99,92.25,90.57,91.2,4237747
2022-02-21,90.47,91.19,90.18,90.18,3530837
2022-02-22,89.09,89.35,88.98,89.16,4888069
2022-02-23,88.27,88.38,87.58,88.25,4321016
2022-02-24,94.97,95.26,93.35,94.98,4106047
2022-02-25,96.22,96.65,94.95,96.35,5927418
2022-02-28,98.09,99.27,96.7,97.9,4843464
2022-03-01,101.61,102.47,101.15,101.58,3204988
2022-03-02,102.43,104.86,101.47,102.53,3939488
2022-03-03,101.43,104.14,100.6,101.7,3953054
2022-03-04,100.91,101.37,100.48,101.09,4144181
2022-03-07,100.6,104.6,97.46,100.93,7114090
2022-03-08,100.89,102.34,99.8,100.89,4500248
2022-03-09,103.33,103.93,102.42,103.58,1576849
2022-03-10,103.81,104.49,103.36,103.86,3392777
2022-03-11,106.95,107.16,104.19,106.66,1703947
2022-03-14,106.71,106.97,105.78,106.45,3654472
2022-03-15,106.84,107.71,106.77,106.84,1638348
2022-03-16,99.7,101.07,98.42,99.72,2997494
2022-03-17,103.45,104.35,102.87,103.06,2207914
2022-03-18,104.52,105.09,104.27,104.41,4529908
2022-03-21,108.15,109.11,107.32,108.22,4063963
2022-03-22,97.59,98.7,97.13,97.87,4434264
2022-03-23,105.47,106.09,104.09,105.39,3938788
2022-03-24,105.15,105.96,103.41,104.97,2366307
2022-03-25,109.08,109.56,108.53,109.22,4696265
2022-03-28,105.47,105.94,104.89,105.41,6418403
2022-03-29,107.72,109.61,107.27,107.79,4572319
2022-03-30,103.95,105.91,103.23,103.99,3553339
2022-03-31,101.32,101.85,101.07,101.83,2329418
2022-04-01,108.94,110.22,108.72,108.99,2966281
2022-04-04,108.57,110.14,106.84,108.36,4632734
2022-04-05,109.15,110.56,107.27,109.28,5393416
2022-04-06,112.78,113.62,111.29,112.76,4400865
2022-04-07,114.67,115.59,114.43,114.84,5062736
2022-04-08,115.63,116.93,114.99,115.55,4951624
2022-04-11,117.09,117.47,116.96,117.14,4706895
2022-04-12,127.3,127.83,126.53,127.54,3280046
2022-04-13,119.04,121.87,117.69,118.72,4302364
2022-04-14,119.89,119.94,119.56,119.66,3049431
2022-04-15,124.11,125.42,121.98,124.26,4113432
2022-04-18,129.41,129.67,128.29,129.28,4499870
2022-04-19,135.03,137.25,133.4,134.88,6157476
2022-04-20,138.23,140.78,134.55,138.06,2486948
2022-04-21,132.31,133.27,130.48,132.76,4690062
2022-04-22,140.98,142.75,139.68,140.7,5921338
2022-04-25,135.13,136.62,133.08,135.29,5034744
2022-04-26,136.75,138.38,136.75,136.85,5127798
2022-04-27,134.11,135.17,130.92,133.41,4827726
2022-04-28,133.31,135.73,132.39,133.23,5704795
2022-04-29,134.79,135.92,132.8,134.89,2767224
2022-05-02,135.94,137.1,134.41,136.54,2400375
2022-05-03,139.08,139.34,138.05,138.69,4102371
2022-05-04,146.49,146.92,146.07,146.89,1445882
2022-05-05,149.07,151.67,148.57,149.37,5631775
2022-05-06,148.13,148.98,147.22,148.23,5621587
2022-05-09,153.89,155.66,151.68,153.46,3581098
2022-05-10,160.37,160.73,158.53,160.13,3659720
2022-05-11,153.48,153.84,152.42,153.53,4029848
2022-05-12,157.01,162.63,155.5,156.91,4185075
2022-05-13,160.76,162.37,158.69,160.96,4279552
2022-05-16,159.48,159.81,158.88,159.43,4814399
2022-05-17,167.47,168.91,165.17,167.45,3911661
2022-05-18,167.04,169.85,166.7,166.72,5294529
2022-05-19,167.93,169.32,165.42,167.61,4680632
2022-05-20,166.91,167.43,165.01,166.74,3377840
2022-05-23,166.86,169.7,163.72,166.99,5786096
2022-05-24,161.08,163.21,160.13,160.84,2448815
2022-05-25,153.05,153.73,152.62,153.08,4020060
2022-05-26,161.66,162.21,160.5,162.01,5335605
2022-05-27,157.29,158.16,154.42,157.42,3239906
2022-05-30,152.21,152.7,151.7,152.19,4523278
2022-05-31,141.52,144.24,139.66,141.26,4815320
2022-06-01,138.21,138.28,137.06,138.26,3072665
2022-06-02,131.81,132.28,130.49,132.13,4053355
2022-06-03,140.08,142.91,139.78,140.07,3950349
2022-06-06,145.27,145.28,144.72,145.24,3460142
2022-06-07,141.96,143.43,140.21,141.91,7012176
2022-06-08,153.97,155.31,152.57,153.69,3199543
2022-06-09,159.53,160.41,158.3,159.2,5402450
2022-06-10,157.36,159.11,156.97,157.55,3663185
2022-06-13,144.3,146.32,142.64,144.48,2799855
2022-06-14,156.36,158.65,154.97,156.68,4283719
2022-06-15,149.59,150.08,149.29,149.38,4966551
2022-06-16,141.56,141.82,140.81,141.15,5306969
2022-06-17,146.33,147.77,146.08,146.42,6109825
2022-06-20,159.54,160.54,159.16,159.62,7838667
2022-06-21,168.18,172.66,165.86,167.69,4475979
2022-06-22,171.36,173.04,169.83,171.19,3336159
2022-06-23,175.1,176.26,174.87,174.95,4732148
2022-06-24,179.98,182.82,178.25,180.41,3834797
2022-06-27,185.69,185.91,184.32,185.44,5327301
2022-06-28,187.09,190.39,186.67,187.44,2547653
2022-06-29,187.87,190.19,187.73,188.29,7136510
2022-06-30,187.92,193.21,187.82,188.05,5245553
2022-07-01,183.1,184.79,181.81,183.32,2065884
2022-07-04,181.61,183.77,181.31,181.69,3288290
2022-07-05,170.9,171.99,170.57,171.39,5201157
2022-07-06,171.28,172.69,167.25,170.96,5654780
2022-07-07,165.66,166.38,163.41,165.29,2585386
2022-07-08,158.55,161.89,157.66,159.17,5077487
2022-07-11,160.63,160.81,159.08,160.32,1739813
2022-07-12,168.2,172.54,167.67,168.48,4073604
2022-07-13,158.74,160.33,157.53,158.47,5584239
2022-07-14,150.11,153.71,149.6,150.13,3495752
2022-07-15,145.15,146.72,143.13,145.15,2295975
2022-07-18,150.08,151.98,149.26,150.14,4375707
2022-07-19,145.55,148.71,144.99,145.19,3432608
2022-07-20,143.83,145.02,142.04,144.19,4987131
2022-07-21,147.3,147.32,146.48,147.12,3081823
2022-07-22,142.66,144.42,141.89,142.35,3224851
2022-07-25,143.21,145.58,142.27,143.0,1653298
2022-07-26,137.24,137.62,136.46,136.6,4415083
2022-07-27,133.74,134.58,133.46,133.88,3999562
2022-07-28,135.77,136.23,134.98,135.51,2705165
2022-07-29,128.25,129.6,127.54,128.27,4449946
2022-08-01,130.7,132.01,129.34,130.38,5503207
2022-08-02,130.41,132.01,128.85,130.41,3936304
2022-08-03,132.97,135.89,132.07,133.08,4548673
2022-08-04,134.6,135.19,134.21,134.24,4556806
2022-08-05,140.8,141.03,140.37,140.94,2690850
2022-08-08,141.28,142.68,141.18,141.68,6814770
2022-08-09,139.55,143.74,136.54,139.7,3620493
2022-08-10,140.59,141.22,137.93,140.42,5047699
2022-08-11,143.64,144.58,141.4,143.25,5192660
2022-08-12,143.65,145.18,142.69,143.62,4043813
2022-08-15,144.33,145.73,140.92,143.95,4990657
2022-08-16,140.2,140.6,139.11,140.59,4535060
2022-08-17,137.36,138.92,134.5,137.49,2428199
2022-08-18,130.94,131.84,129.94,131.02,3805296
2022-08-19,139.38,139.82,138.77,139.42,3451142
2022-08-22,133.62,136.04,132.16,133.6,3643732
2022-08-23,130.69,132.16,130.23,130.51,2575919
2022-08-24,127.27,129.94,126.53,127.39,5663005
2022-08-25,131.6,134.02,131.5,131.56,6269107
2022-08-26,130.31,130.67,129.12,130.32,5478439
2022-08-29,136.01,138.8,135.61,136.26,5852242
2022-08-30,133.18,133.26,132.75,133.21,3800467
2022-08-31,134.6,134.7,134.11,134.64,3430860
2022-09-01,130.83,131.21,129.51,130.88,3250966
2022-09-02,141.22,141.32,140.57,141.21,5063123
2022-09-05,135.6,135.62,134.07,135.58,4533906
2022-09-06,137.06,139.03,135.11,137.18,4147898
2022-09-07,140.74,141.24,138.32,140.39,5898234
2022-09-08,142.23,143.86,140.33,142.56,4765508
2022-09-09,141.56,143.51,138.36,141.77,3181315
2022-09-12,142.04,142.87,140.61,141.25,3383686
2022-09-13,141.3,142.69,140.17,141.6,5124155
2022-09-14,140.62,142.62,138.88,141.0,5585221
2022-09-15,146.18,146.69,145.86,145.97,4961381
2022-09-16,157.19,157.89,156.59,157.85,6681661
2022-09-19,154.87,155.38,153.14,154.94,6349358
2022-09-20,148.45,148.73,147.32,147.82,4825218
2022-09-21,147.04,151.6,146.01,147.5,3190466
2022-09-22,160.94,163.4,159.78,161.58,2588516
2022-09-23,156.77,160.05,154.78,157.24,3770164
2022-09-26,166.97,167.86,165.71,166.67,5231727
2022-09-27,177.31,177.62,176.32,176.91,6608312
2022-09-28,173.49,174.57,169.86,173.67,4805271
2022-09-29,177.57,178.96,177.24,177.33,5769802
2022-09-30,188.42,191.21,187.14,187.89,3958992
2022-10-03,186.25,188.68,185.34,185.58,5073701
2022-10-04,184.34,185.09,183.2,184.43,5332840
2022-10-05,180.05,182.02,176.76,180.88,1737398
2022-10-06,174.44,176.42,173.87,174.72,3748738
2022-10-07,170.81,175.04,169.22,170.95,5500762
2022-10-10,163.85,165.83,163.44,163.93,4635188
2022-10-11,164.21,164.51,161.25,164.27,2746285
2022-10-12,160.41,161.52,159.33,160.05,1161236
2022-10-13,161.92,162.51,160.27,161.51,3816655
2022-10-14,153.04,153.69,151.79,153.09,4196507
2022-10-17,155.35,156.68,154.28,155.01,3152480
2022-10-18,159.86,160.59,158.01,159.74,4475853
2022-10-19,149.13,150.81,146.73,149.11,4945342
2022-10-20,151.49,151.84,149.73,151.21,5158768
2022-10-21,158.02,159.72,157.97,157.99,1259741
2022-10-24,152.2,153.04,151.06,151.58,2603167
2022-10-25,160.4,162.1,158.28,160.86,3906304
2022-10-26,169.23,170.39,169.12,169.41,5038930
2022-10-27,165.39,168.45,164.29,165.43,4933655
2022-10-28,165.4,166.12,163.78,165.25,4912970
2022-10-31,169.09,169.41,163.99,168.67,3810029
2022-11-01,169.26,170.48,168.07,169.27,3883443
2022-11-02,172.15,173.42,169.07,172.64,3366915
2022-11-03,167.6,171.36,167.05,167.32,5303002
2022-11-04,168.72,168.75,167.92,168.47,3120742
2022-11-07,159.86,160.49,159.4,160.48,5412614
2022-11-08,160.0,161.86,159.15,160.0,4583337
2022-11-09,154.66,156.29,153.97,155.16,4257505
2022-11-10,151.15,152.88,149.57,151.35,3466766
2022-11-11,157.9,158.86,156.72,158.18,2562535
2022-11-14,164.76,165.25,163.1,164.49,3480934
2022-11-15,215.97,217.07,214.16,215.92,3894000
2022-11-16,207.48,208.62,205.94,208.01,1250724
2022-11-17,206.27,209.24,203.5,205.91,4068836
2022-11-18,214.41,215.73,210.2,215.03,5526156
2022-11-21,216.44,219.16,215.05,216.29,5064386
2022-11-22,234.41,239.09,234.36,234.8,3684948
2022-11-23,238.09,239.62,236.83,238.26,4391931
2022-11-24,240.33,241.26,239.21,240.09,3609591
2022-11-25,237.97,240.47,236.9,237.72,4527389
2022-11-28,239.69,241.11,237.19,239.05,6338617
2022-11-29,237.95,238.18,235.19,237.99,5597108
2022-11-30,244.33,248.66,241.76,244.18,5016349
2022-12-01,252.5,253.09,252.43,252.72,3698281
2022-12-02,246.17,247.74,245.95,246.09,5318296
2022-12-05,235.3,237.88,229.1,235.09,2145189
2022-12-06,220.62,223.14,218.08,220.66,4015647
2022-12-07,224.01,225.65,222.39,224.82,5107123
2022-12-08,216.64,218.54,215.85,216.5,5313292
2022-12-09,201.11,201.44,200.69,200.96,5223109
2022-12-12,203.62,204.78,203.49,203.9,4735412
2022-12-13,222.12,225.73,219.83,222.69,4096571
2022-12-14,223.5,225.35,222.37,222.84,5056273
2022-12-15,229.91,229.98,225.07,229.69,3110187
2022-12-16,230.45,234.13,228.65,230.55,3252663
2022-12-19,229.44,234.94,224.18,229.96,4438880
2022-12-20,237.3,243.05,233.94,237.7,4586203
2022-12-21,236.12,239.67,232.47,235.5,1972633
2022-12-22,238.0,239.01,237.55,237.93,4958401
2022-12-23,240.58,241.23,238.37,240.84,5375919
2022-12-26,235.73,235.86,233.94,235.49,4264503
2022-12-27,243.63,246.97,242.97,244.03,7478195
2022-12-28,243.49,245.57,238.63,242.76,3473678
2022-12-29,237.27,238.37,236.46,236.63,3896848
2022-12-30,241.11,242.25,237.08,241.34,3853631
2023-01-02,233.78,235.23,233.46,234.08,4273329
2023-01-03,233.29,234.83,233.01,234.52,3943366
2023-01-04,233.96,235.34,230.69,234.65,2529318
2023-01-05,243.31,244.82,242.79,243.96,3660015
2023-01-06,248.34,249.11,247.72,248.27,4251080
2023-01-09,248.12,249.49,245.03,248.28,5995502
2023-01-10,255.03,258.64,254.21,255.72,7277664
2023-01-11,268.56,269.78,267.08,268.71,6140234
2023-01-12,274.53,276.37,270.54,274.25,3365282
2023-01-13,274.89,277.13,273.52,274.6,3471162
2023-01-16,261.52,262.95,260.99,262.51,4178647
2023-01-17,253.07,255.74,252.11,253.14,6740140
2023-01-18,249.98,252.44,247.8,250.67,4173496
2023-01-19,246.04,249.93,244.8,245.6,2643443
2023-01-20,244.6,245.42,243.72,244.22,3733735
2023-01-23,244.48,246.31,244.47,244.92,5394365
2023-01-24,249.35,250.03,245.68,249.73,5307679
2023-01-25,249.11,250.43,248.07,249.34,4134766
2023-01-26,252.71,256.24,250.04,253.85,5302714
2023-01-27,254.82,255.05,254.12,254.65,1400053
2023-01-30,237.73,238.69,234.74,237.86,4540692
2023-01-31,230.82,231.64,228.99,230.37,5542446
2023-02-01,228.91,230.32,228.43,229.42,3305535
2023-02-02,219.83,220.49,219.42,220.11,3302074
2023-02-03,224.3,226.58,222.61,224.98,1940502
2023-02-06,237.1,238.99,235.42,237.57,6515039
2023-02-07,247.56,252.12,247.17,248.15,3459275
2023-02-08,247.02,247.11,245.78,246.53,4733310
2023-02-09,259.6,262.85,256.21,259.96,5215626
2023-02-10,261.62,262.63,258.81,261.55,6420840
2023-02-13,258.52,260.4,257.95,258.72,4214643
2023-02-14,252.81,255.65,249.71,253.45,3704851
2023-02-15,250.92,257.06,249.63,251.01,4651247
2023-02-16,248.14,249.6,247.47,247.85,6127103
2023-02-17,248.95,250.88,247.83,249.55,4198808
2023-02-20,251.59,255.5,250.23,251.18,3158274
2023-02-21,251.01,253.08,247.71,251.44,2381107
2023-02-22,255.3,257.29,254.91,255.54,2806410
2023-02-23,266.94,268.07,261.81,266.66,5579715
2023-02-24,275.55,278.4,274.28,275.92,4005930
2023-02-27,262.2,264.64,261.87,262.18,3625687
2023-02-28,239.82,242.87,239.01,239.98,3482627
2023-03-01,248.24,248.79,247.9,248.18,4549993
2023-03-02,235.67,238.37,234.77,236.8,4119473
2023-03-03,234.29,239.36,232.68,235.15,4076021
2023-03-06,226.2,227.44,225.02,225.92,6239168
2023-03-07,212.74,216.92,210.23,212.3,6492792
2023-03-08,216.16,217.98,214.32,216.56,2297702
2023-03-09,222.48,224.6,222.17,222.59,4882797
2023-03-10,218.47,221.06,218.28,218.34,3410878
2023-03-13,199.87,200.23,198.28,199.59,4117558
2023-03-14,195.19,197.56,194.03,195.99,4863327
2023-03-15,198.52,202.06,196.3,198.87,4167812
2023-03-16,188.88,190.92,186.26,189.01,4761328
2023-03-17,190.67,191.36,188.9,190.4,5354351
2023-03-20,191.42,191.66,189.91,190.47,4850281
2023-03-21,194.45,197.92,193.81,194.54,3592891
2023-03-22,194.98,196.43,189.46,195.53,3617705
2023-03-23,189.31,190.06,188.72,189.16,2534235
2023-03-24,197.95,199.29,193.72,197.43,3319314
2023-03-27,196.55,197.29,194.41,196.51,7091621
2023-03-28,196.14,197.19,194.59,196.5,3404510
2023-03-29,190.72,193.3,189.43,190.36,2867776
2023-03-30,187.84,192.38,186.38,187.59,4897432
2023-03-31,181.66,184.13,181.54,182.04,4322059
2023-04-03,181.24,181.46,180.18,181.1,4209189
2023-04-04,192.84,193.16,191.26,192.46,6363919
2023-04-05,184.03,187.92,181.1,183.6,5211732
2023-04-06,173.65,175.63,171.18,173.67,3764417
2023-04-07,182.88,187.01,180.78,183.01,3907428
2023-04-10,182.29,184.03,180.53,181.84,3803787
2023-04-11,177.36,178.89,176.84,177.79,5656464
2023-04-12,184.71,186.16,184.0,184.55,4067807
2023-04-13,180.35,182.24,178.99,180.84,2071697
2023-04-14,193.36,194.37,191.86,192.95,4420164
2023-04-17,197.66,200.66,195.73,197.76,2417844
2023-04-18,195.08,196.59,193.04,194.59,7429188
2023-04-19,210.24,210.43,207.2,210.04,3189044
2023-04-20,205.31,206.55,201.0,205.82,4273138
2023-04-21,212.03,213.7,210.17,211.42,4840753
2023-04-24,214.51,216.52,211.05,213.84,4105063
2023-04-25,224.41,226.06,223.91,224.01,4104593
2023-04-26,236.45,240.15,233.76,236.81,5066400
2023-04-27,237.14,241.04,235.22,237.29,6558627
2023-04-28,231.39,234.31,229.54,231.32,5536509
2023-05-01,234.95,241.65,234.32,235.29,6498613
2023-05-02,230.76,231.34,229.88,229.98,3089346
2023-05-03,231.23,236.08,228.48,231.17,4933738
2023-05-04,231.23,232.63,229.41,232.48,4716228
2023-05-05,229.89,232.59,228.42,229.74,4982664
2023-05-08,231.27,231.68,229.41,231.44,6371158
2023-05-09,220.94,223.73,220.31,220.98,4212100
2023-05-10,213.62,215.14,211.73,213.78,3963461
2023-05-11,223.51,224.41,222.07,223.15,5237013
2023-05-12,218.77,220.5,217.17,218.28,2106621
2023-05-15,210.73,211.16,210.49,210.61,4195981
2023-05-16,214.65,216.49,211.89,214.8,4336538
2023-05-17,224.09,225.09,223.44,224.1,3271964
2023-05-18,230.03,231.59,226.69,230.02,5955310
2023-05-19,238.01,238.95,237.22,238.4,3081635
2023-05-22,232.64,233.65,228.33,232.37,4340068
2023-05-23,221.5,223.11,217.9,221.29,4924057
2023-05-24,234.16,237.65,231.16,233.44,6365853
2023-05-25,231.61,232.61,230.39,231.03,4514689
2023-05-26,228.9,232.26,228.39,229.21,5802929
2023-05-29,240.73,240.81,238.02,240.34,5484597
2023-05-30,244.82,246.27,244.35,245.28,4701479
2023-05-31,249.8,250.54,245.26,249.45,3052771
2023-06-01,269.05,271.53,267.19,269.33,2584160
2023-06-02,263.03,267.64,260.58,263.57,4683104
2023-06-05,272.67,275.0,270.44,272.52,3800526
2023-06-06,271.84,273.64,271.3,273.31,5793474
2023-06-07,275.17,277.27,274.88,276.14,5559088
2023-06-08,291.47,295.1,287.94,291.57,4292483
2023-06-09,297.12,297.85,295.98,297.07,2966892
2023-06-12,302.77,305.06,299.24,302.99,5243898
2023-06-13,313.87,318.78,310.96,314.86,3159588
2023-06-14,310.64,313.26,306.06,311.15,3514852
2023-06-15,302.65,307.44,298.3,302.41,3214307
2023-06-16,292.16,296.44,285.05,291.82,4364037
2023-06-19,272.64,275.13,272.07,272.65,6153713
2023-06-20,293.94,296.41,292.25,293.26,4549359
2023-06-21,282.63,288.0,277.63,282.41,3951736
2023-06-22,280.06,281.98,279.68,280.48,2472565
2023-06-23,277.87,280.38,276.68,278.03,5316222
2023-06-26,280.5,281.63,280.18,281.29,3494166
2023-06-27,289.63,293.06,288.58,289.7,4724708
2023-06-28,299.49,300.94,296.59,298.82,4080185
2023-06-29,293.45,294.01,289.15,293.05,5715179
2023-06-30,292.42,293.18,290.93,291.6,4352853
2023-07-03,294.59,301.03,289.46,294.77,4489073
2023-07-04,293.26,294.09,291.52,292.48,5237530
2023-07-05,309.56,313.95,308.83,309.68,7463320
2023-07-06,316.26,317.0,312.13,315.33,5793627
2023-07-07,323.82,324.2,319.22,323.84,4454271
2023-07-10,332.21,335.96,328.38,331.74,4581810
2023-07-11,346.98,348.86,341.47,345.96,3857942
2023-07-12,348.33,351.0,344.95,348.47,3275023
2023-07-13,333.45,334.14,327.91,333.31,3822151
2023-07-14,339.18,343.05,331.31,338.31,3521731
2023-07-17,330.89,332.24,326.94,330.98,5483684
2023-07-18,324.34,325.7,323.1,325.2,3112583
2023-07-19,333.67,341.51,331.35,332.25,6423036
2023-07-20,346.95,347.64,337.89,347.27,5624974
2023-07-21,347.96,352.7,347.61,347.85,4619265
2023-07-24,352.76,353.47,349.66,351.94,4592979
2023-07-25,373.43,377.28,371.36,373.88,3825998
2023-07-26,376.63,381.64,372.47,377.39,4967921
2023-07-27,413.95,415.64,412.96,413.74,6097689
2023-07-28,420.87,431.49,417.03,422.39,3628530
2023-07-31,397.27,398.37,395.33,397.5,2483973
2023-08-01,408.69,414.54,403.54,408.49,5572394
2023-08-02,414.12,417.36,409.58,414.35,5051054
2023-08-03,432.53,436.67,427.07,433.87,3057204
2023-08-04,446.03,452.82,439.24,444.61,3592716
2023-08-07,442.96,445.26,437.04,442.86,3420122
2023-08-08,425.88,428.49,422.66,424.67,3607324
2023-08-09,421.73,424.53,421.46,421.95,4162965
2023-08-10,409.23,415.75,408.83,409.95,4243386
2023-08-11,402.28,402.5,395.78,402.06,3712937
2023-08-14,410.62,413.29,409.64,410.8,3565493
2023-08-15,434.89,436.86,431.36,435.92,4299862
2023-08-16,443.68,447.17,441.33,442.38,4850578
2023-08-17,424.1,433.36,423.9,424.63,4181394
2023-08-18,430.09,434.4,419.33,431.68,6227624
2023-08-21,451.74,453.43,444.95,450.54,5327415
2023-08-22,440.98,443.27,434.42,441.43,2417332
2023-08-23,439.22,446.0,435.46,439.76,5352605
2023-08-24,438.82,444.03,437.6,440.38,5467932
2023-08-25,430.33,430.61,420.99,428.83,4025136
2023-08-28,437.94,442.39,430.72,439.07,2553359
2023-08-29,437.66,446.69,436.2,437.61,4643064
2023-08-30,445.29,453.94,440.0,444.48,4622651
2023-08-31,431.64,433.79,428.63,431.27,3075270
2023-09-01,425.05,425.14,421.17,425.1,2617865
2023-09-04,434.9,443.6,432.14,436.38,4516083
2023-09-05,430.41,437.3,430.36,431.11,4315012
2023-09-06,458.56,468.35,457.11,458.39,4059977
2023-09-07,451.71,453.95,449.05,452.43,4526270
2023-09-08,456.59,457.07,456.1,456.41,3107579
2023-09-11,472.62,472.63,467.78,471.98,4039480
2023-09-12,450.39,451.45,436.03,449.52,5390480
2023-09-13,422.0,428.32,420.79,423.04,4160438
2023-09-14,403.16,406.67,393.3,401.4,2317598
2023-09-15,420.56,422.85,417.22,419.91,3991891
2023-09-18,412.25,413.01,407.85,412.25,3159182
2023-09-19,452.26,454.8,446.64,451.27,5027554
2023-09-20,444.94,457.34,440.54,442.85,5101405
2023-09-21,444.83,448.88,442.17,446.12,2339807
2023-09-22,471.07,475.11,470.27,471.28,5719961
2023-09-25,503.61,512.79,503.21,506.02,3105553
2023-09-26,544.58,551.23,543.44,544.37,6842814
2023-09-27,568.81,579.91,567.72,568.39,4595366
2023-09-28,589.62,603.28,583.52,589.67,2920748
2023-09-29,601.78,605.99,598.55,602.56,3067864
2023-10-02,617.22,621.37,612.9,619.76,5155632
2023-10-03,524.01,528.11,519.96,523.62,4121486
2023-10-04,510.78,512.92,503.78,509.3,4535723
2023-10-05,575.13,576.0,572.32,575.81,6933483
2023-10-06,573.41,574.49,569.7,572.9,3693672
2023-10-09,562.62,568.79,554.81,564.39,4759816
2023-10-10,579.37,586.89,576.15,578.84,6669494
2023-10-11,598.59,604.61,594.66,599.06,5058427
2023-10-12,600.54,606.83,594.62,601.46,2424455
2023-10-13,632.99,645.26,630.56,633.95,5391586
2023-10-16,609.19,613.26,599.11,609.67,3049270
2023-10-17,606.56,611.97,602.08,606.09,6661952
2023-10-18,590.06,592.1,589.52,591.61,3529431
2023-10-19,554.25,562.41,546.86,554.69,8863944
2023-10-20,553.54,560.35,550.93,553.59,6753610
2023-10-23,550.52,554.0,550.5,551.73,3569795
2023-10-24,584.36,585.18,574.57,582.27,4720512
2023-10-25,594.79,602.72,585.37,595.8,5755098
2023-10-26,574.57,580.21,571.81,575.34,5799233
2023-10-27,613.27,617.45,610.92,614.47,5320154
2023-10-30,644.18,651.45,638.7,641.87,6463325
2023-10-31,656.4,656.98,651.91,655.68,4526516
2023-11-01,649.87,662.25,649.46,651.08,4184184
2023-11-02,631.55,640.05,620.82,630.15,4213540
2023-11-03,622.81,628.49,612.04,622.56,5915883
2023-11-06,647.65,653.92,645.89,647.32,5221504
2023-11-07,691.6,702.28,687.12,692.08,5118821
2023-11-08,607.31,613.91,603.32,608.22,5832392
2023-11-09,598.84,603.09,589.15,598.44,1812049
2023-11-10,575.33,578.36,567.29,575.96,5150308
2023-11-13,581.43,592.0,578.83,579.33,5022575
2023-11-14,543.67,548.16,535.51,545.05,7075559
2023-11-15,553.44,560.87,548.91,551.75,2553641
2023-11-16,549.27,551.51,543.06,549.4,6922107
2023-11-17,541.32,543.77,530.12,540.99,4826325
2023-11-20,512.94,522.02,504.84,512.09,5413634
2023-11-21,521.19,532.3,519.59,521.84,7096979
2023-11-22,513.55,513.66,511.99,512.67,5518819
2023-11-23,489.87,494.74,483.37,492.54,5293199
2023-11-24,445.19,449.96,442.92,445.84,5070718
2023-11-27,444.98,449.77,440.91,445.81,4042772
2023-11-28,473.57,478.38,470.76,474.76,4689713
2023-11-29,503.42,507.48,498.43,503.64,3715985
2023-11-30,496.47,496.78,494.8,496.09,4669882
2023-12-01,486.87,491.64,485.35,486.18,1416713
2023-12-04,494.91,499.73,492.33,494.67,5345793
2023-12-05,477.48,478.86,475.56,478.11,4564675
2023-12-06,483.98,492.93,477.49,483.63,4261211
2023-12-07,497.34,498.67,497.17,497.22,5053269
2023-12-08,520.47,522.17,516.45,519.5,2702747
2023-12-11,518.95,531.96,515.94,518.15,7489342
2023-12-12,514.96,521.14,503.79,514.93,4598964
2023-12-13,498.9,504.78,496.23,499.8,4539087
2023-12-14,485.34,495.04,484.55,485.98,3373093
2023-12-15,482.04,483.18,475.64,482.57,4783920
2023-12-18,488.95,494.44,488.86,489.26,6728273
2023-12-19,505.88,509.84,503.41,505.61,6229880
2023-12-20,492.74,495.14,491.12,492.04,5973019
2023-12-21,518.84,521.93,511.24,518.89,5535423
2023-12-22,514.47,519.61,511.11,514.46,4245644
2023-12-25,514.68,521.48,506.02,514.53,2688529
2023-12-26,501.19,510.58,493.0,501.7,4473276
2023-12-27,460.45,461.92,457.29,461.31,4424936
2023-12-28,474.56,482.87,470.42,476.23,6262157
2023-12-29,488.43,489.81,483.65,489.11,5207185
2024-01-01,485.22,490.56,476.98,484.76,7071923
2024-01-02,485.65,488.31,483.49,486.33,6480810
2024-01-03,495.4,498.84,489.71,495.64,4116284
2024-01-04,470.12,473.05,462.57,469.68,2201616
2024-01-05,461.96,468.45,457.43,461.48,6756268
2024-01-08,473.89,479.31,472.98,474.92,6720900
2024-01-09,455.84,457.22,450.14,454.93,2818199
2024-01-10,461.08,467.94,454.91,460.04,6939915
2024-01-11,438.11,443.63,436.95,439.1,5326315
2024-01-12,446.0,451.52,444.21,446.73,5010465
2024-01-15,447.64,450.0,442.2,446.58,7097903
2024-01-16,422.29,426.3,421.7,422.41,6712579
2024-01-17,438.43,447.34,435.48,440.39,5719479
2024-01-18,428.39,439.2,425.31,429.59,5465546
2024-01-19,417.75,419.41,412.41,417.96,5672915
2024-01-22,420.3,424.27,419.0,421.28,4214336
2024-01-23,438.59,440.72,432.88,438.96,4711433
2024-01-24,424.03,427.13,422.4,424.01,3494928
2024-01-25,426.55,426.89,423.9,425.31,4314706
2024-01-26,431.87,432.84,427.54,432.13,4267740
2024-01-29,444.09,449.0,440.33,443.14,3882467
2024-01-30,447.56,458.95,444.96,446.28,4995026
2024-01-31,442.25,447.55,440.89,440.98,4333194
2024-02-01,429.02,429.44,424.58,428.78,5524609
2024-02-02,428.77,434.68,422.86,430.46,2465255
2024-02-05,415.36,422.81,412.28,414.98,4640858
2024-02-06,375.77,377.23,369.59,374.98,4995407
2024-02-07,381.04,385.84,380.81,381.1,4359275
2024-02-08,395.08,398.39,388.15,393.7,4560071
2024-02-09,363.4,370.47,361.67,362.78,2522638
2024-02-12,350.9,353.93,349.41,350.5,5326382
2024-02-13,359.28,360.73,354.66,358.5,5748444
2024-02-14,385.87,388.22,380.72,385.61,5527706
2024-02-15,384.32,392.48,383.89,386.24,6317186
2024-02-16,376.49,379.41,373.16,376.87,5109124
2024-02-19,375.69,376.03,371.51,374.8,5511435
2024-02-20,392.99,394.62,386.79,393.63,5046614
2024-02-21,385.0,388.9,375.96,385.17,5817068
2024-02-22,374.1,375.37,371.41,374.89,2541375
2024-02-23,370.25,375.1,361.99,368.94,3531836
2024-02-26,358.35,361.1,355.87,357.15,7124864
2024-02-27,358.38,362.04,355.46,359.01,1264416
2024-02-28,380.47,381.79,379.52,380.36,4626824
2024-02-29,384.51,387.82,378.85,385.03,6530588
2024-03-01,382.46,384.76,378.98,381.99,4697746
2024-03-04,378.84,379.25,376.53,378.45,4247070
2024-03-05,359.2,360.61,357.79,358.62,5023752
2024-03-06,370.46,372.23,367.64,370.21,4325034
2024-03-07,371.71,373.64,369.47,369.54,4883796
2024-03-08,366.79,367.77,365.49,367.54,3848147
2024-03-11,409.96,412.1,404.33,411.37,6452508
2024-03-12,415.74,430.04,406.11,416.07,6911644
2024-03-13,404.36,410.12,399.38,405.63,4651175
2024-03-14,398.79,402.43,391.92,399.98,2830656
2024-03-15,415.93,416.9,415.74,416.76,4086193
2024-03-18,418.02,419.85,412.51,418.79,4581915
2024-03-19,397.83,398.87,396.85,398.59,5586836
2024-03-20,412.42,414.45,408.09,412.0,3385169
2024-03-21,402.43,409.6,395.61,402.83,3734048
2024-03-22,430.36,436.41,428.64,430.52,5599543
2024-03-25,448.31,450.27,447.48,447.51,6225285
2024-03-26,440.28,442.75,432.45,440.95,3952633
2024-03-27,461.34,461.77,460.3,461.59,2916278
2024-03-28,463.44,471.22,461.85,463.1,9651606
2024-03-29,475.71,483.69,471.72,477.56,6006016
2024-04-01,483.85,488.85,481.39,486.17,4475048
2024-04-02,472.73,480.86,471.3,472.41,6134901
2024-04-03,462.76,464.29,456.39,462.3,4685995
2024-04-04,481.68,486.91,469.67,479.7,6135976
2024-04-05,474.69,485.38,470.23,474.54,5103676
2024-04-08,469.07,471.39,461.89,468.3,5005688
2024-04-09,453.14,453.77,450.71,453.32,4707718
2024-04-10,460.77,461.11,459.04,460.5,2758375
2024-04-11,497.07,505.79,493.74,495.42,7712333
2024-04-12,577.22,580.32,572.69,579.68,3500393
2024-04-15,581.17,587.46,563.08,580.69,2888830
2024-04-16,613.28,617.82,600.24,610.67,4569637
2024-04-17,609.86,614.85,604.64,609.52,3474442
2024-04-18,583.26,584.29,580.11,581.35,4808599
2024-04-19,559.92,563.19,552.9,560.63,5893988
2024-04-22,569.57,577.98,562.9,569.61,6346731
2024-04-23,566.44,568.12,564.46,566.4,6083855
2024-04-24,584.21,589.71,580.55,586.81,4442022
2024-04-25,610.83,614.49,609.66,612.26,4964715
2024-04-26,669.48,682.1,656.9,670.95,5492228
2024-04-29,686.44,694.49,684.45,685.32,2313670
2024-04-30,695.01,702.62,693.67,693.8,5734627
2024-05-01,699.62,706.53,693.98,699.17,2756635
2024-05-02,692.34,697.73,679.49,691.2,7898496
2024-05-03,699.84,701.02,699.56,700.07,4306248
2024-05-06,695.16,696.93,689.85,693.49,4630613
2024-05-07,698.23,706.72,689.14,698.22,3771631
2024-05-08,731.91,734.75,716.84,731.83,3978440
2024-05-09,706.76,708.92,700.22,707.13,8254788
2024-05-10,737.59,744.81,733.77,736.58,6293329
2024-05-13,771.37,773.37,769.86,772.02,2628067
2024-05-14,771.03,784.67,769.11,769.53,7128017
2024-05-15,713.48,719.3,712.92,715.1,6671862
2024-05-16,699.13,706.68,694.88,700.67,4500001
2024-05-17,734.88,746.89,728.71,733.87,5368457
2024-05-20,733.82,742.59,725.5,733.95,4895594
2024-05-21,708.72,710.38,704.23,709.36,7830180
2024-05-22,698.81,708.19,696.73,697.56,3745182
2024-05-23,718.17,728.8,705.23,719.04,5137784
2024-05-24,733.3,733.8,720.42,733.59,4291273
2024-05-27,730.17,734.08,719.89,728.14,2807797
2024-05-28,721.71,730.05,699.22,719.5,8165985
2024-05-29,712.57,722.43,697.7,710.34,3181317
2024-05-30,688.0,695.03,681.16,688.39,5255291
2024-05-31,730.88,738.22,713.0,729.09,2356101
2024-06-03,720.19,724.63,709.84,721.56,4342206
2024-06-04,752.27,759.89,738.89,753.64,5558907
2024-06-05,791.83,796.36,783.29,795.57,3714573
2024-06-06,827.36,834.63,811.83,824.6,5806463
2024-06-07,811.56,817.12,793.76,812.97,4540187
2024-06-10,825.07,841.08,821.63,825.28,6659677
2024-06-11,823.82,827.17,812.52,825.32,6960713
2024-06-12,801.46,803.57,799.49,800.35,4073201
2024-06-13,809.61,810.83,804.83,810.21,5058688
2024-06-14,776.13,785.62,774.0,778.16,5218600
2024-06-17,812.64,825.77,803.42,811.92,5867223
2024-06-18,797.25,802.05,785.84,799.54,4970749
2024-06-19,804.57,814.76,800.21,805.92,5233422
2024-06-20,811.25,826.54,803.07,814.68,4590784
2024-06-21,805.76,819.27,791.41,808.06,5125198
2024-06-24,825.86,830.95,816.35,825.57,6885004
2024-06-25,809.49,820.44,799.32,812.69,5917737
2024-06-26,836.12,844.45,835.13,838.61,6001613
2024-06-27,800.73,807.42,788.39,800.74,6035904
2024-06-28,804.14,809.84,802.08,805.01,4732555
2024-07-01,865.75,881.45,861.81,862.31,5437706
2024-07-02,836.45,842.03,830.92,833.39,3348307
2024-07-03,813.18,815.98,811.11,814.59,6856308
2024-07-04,831.05,836.76,824.8,830.12,820199
2024-07-05,837.36,845.46,827.3,836.11,4839138
2024-07-08,846.18,850.11,845.52,847.19,6671833
2024-07-09,860.02,867.18,845.37,862.6,2937699
2024-07-10,882.75,885.29,880.25,882.77,5570090
2024-07-11,918.24,926.69,916.0,918.56,3959036
2024-07-12,931.86,937.45,918.6,932.67,4425995
2024-07-15,926.48,928.94,922.25,925.66,6390828
2024-07-16,947.14,949.21,940.39,948.56,5275512
2024-07-17,1012.36,1017.55,1007.39,1014.69,1941120
2024-07-18,1011.12,1018.05,1008.44,1010.9,3523101
2024-07-19,978.64,983.21,966.83,977.88,6442546
2024-07-22,1015.04,1023.34,1010.36,1017.43,5657171
2024-07-23,1015.95,1031.62,1010.26,1014.07,7602686
2024-07-24,937.33,945.04,935.57,940.66,7506981
2024-07-25,968.73,974.21,964.47,969.85,4477858
2024-07-26,952.21,963.03,945.47,952.71,8740382
2024-07-29,949.34,961.63,944.46,950.55,5029915
2024-07-30,961.43,971.01,957.34,962.52,3552269
2024-07-31,973.46,978.68,968.86,969.83,4046519
2024-08-01,993.42,1002.24,989.3,995.11,1614196
2024-08-02,985.73,996.03,978.39,980.94,7409482
2024-08-05,1000.49,1002.32,998.23,999.62,7393335
2024-08-06,991.65,995.68,988.53,991.47,3478351
2024-08-07,1019.33,1022.25,1014.26,1018.36,4661742
2024-08-08,1046.73,1058.7,1039.43,1041.46,5148907
2024-08-09,956.89,967.49,938.66,958.79,3564350
2024-08-12,994.6,998.64,986.74,996.84,2371308
2024-08-13,977.71,982.58,976.39,979.19,4693719
2024-08-14,1008.25,1019.84,994.34,1008.19,4528674
2024-08-15,1018.62,1038.71,1012.8,1022.15,4428782
2024-08-16,1091.1,1099.75,1081.07,1091.05,5349452
2024-08-19,1087.2,1092.71,1082.68,1083.53,7167037
2024-08-20,1071.65,1081.51,1069.48,1071.33,4561214
2024-08-21,1070.94,1072.95,1065.79,1071.56,5275585
2024-08-22,1059.89,1062.13,1056.16,1061.21,6115231
2024-08-23,1094.28,1101.23,1088.0,1092.32,5856843
2024-08-26,1031.47,1038.77,1014.59,1033.17,4097523
2024-08-27,1000.34,1001.78,991.83,996.66,5170288
2024-08-28,964.68,967.78,957.49,960.96,5852176
2024-08-29,994.87,997.85,993.85,994.36,3326010
2024-08-30,1056.64,1065.84,1037.14,1056.66,6936040
2024-09-02,1055.93,1077.77,1053.38,1053.75,7191766
2024-09-03,1050.78,1056.61,1043.36,1048.49,3941329
2024-09-04,1050.31,1067.42,1045.22,1052.01,5326557
2024-09-05,1095.5,1116.42,1091.68,1096.66,6005858
2024-09-06,1059.78,1063.12,1055.6,1062.59,4212603
2024-09-09,1073.33,1078.31,1060.88,1072.46,5766608
2024-09-10,1112.17,1116.71,1100.43,1110.69,5286969
2024-09-11,1128.31,1135.13,1121.21,1131.36,2821421
2024-09-12,1138.88,1155.92,1129.87,1139.92,5737830
2024-09-13,1178.45,1200.71,1176.31,1181.63,3379704
2024-09-16,1073.99,1081.26,1073.92,1075.93,6467982
2024-09-17,1103.97,1107.67,1086.54,1102.75,4031263
2024-09-18,1077.18,1081.2,1061.08,1078.76,4804885
2024-09-19,1012.11,1027.48,1011.28,1012.72,7129998
2024-09-20,1028.58,1038.86,1024.14,1031.93,5804566
2024-09-23,1084.14,1100.1,1076.53,1083.73,3417118
2024-09-24,1079.41,1084.66,1069.77,1079.5,3516047
2024-09-25,1115.49,1124.35,1115.44,1117.12,4147595
2024-09-26,1182.59,1185.93,1180.38,1183.03,5657130
2024-09-27,1240.31,1254.78,1232.26,1239.87,5603653
2024-09-30,1312.16,1330.83,1304.68,1314.3,3781134
2024-10-01,1346.11,1353.9,1339.11,1350.1,3289997
2024-10-02,1359.78,1381.1,1339.77,1354.89,5492122
2024-10-03,1280.54,1283.45,1265.24,1282.16,4789445
2024-10-04,1272.07,1280.75,1267.82,1272.31,8346741
2024-10-07,1238.92,1240.57,1235.8,1236.42,5124512
2024-10-08,1344.66,1345.68,1320.05,1335.23,7830038
2024-10-09,1324.93,1341.84,1322.44,1328.23,3291063
2024-10-10,1336.38,1346.62,1333.46,1335.17,2678931
2024-10-11,1360.49,1368.53,1358.45,1362.42,3369603
2024-10-14,1364.26,1392.45,1341.45,1365.73,6887364
2024-10-15,1448.42,1453.0,1442.95,1450.51,7753128
2024-10-16,1417.32,1437.3,1408.9,1420.52,3887526
2024-10-17,1431.4,1434.19,1424.08,1431.52,4378914
2024-10-18,1391.94,1423.11,1380.87,1396.05,3300070
2024-10-21,1336.75,1345.16,1314.23,1334.22,2320874
2024-10-22,1307.28,1314.32,1300.83,1307.13,6181525
2024-10-23,1307.72,1308.66,1295.0,1306.62,5427346
2024-10-24,1287.09,1289.99,1276.67,1288.29,5104518
2024-10-25,1257.65,1259.37,1237.29,1258.57,2952125
2024-10-28,1199.89,1201.12,1178.22,1199.21,7596499
2024-10-29,1194.01,1205.55,1183.66,1196.8,4323958
2024-10-30,1135.61,1144.78,1122.17,1136.42,5910133
2024-10-31,1166.1,1178.34,1152.82,1168.11,2872305
2024-11-01,1170.45,1183.36,1162.43,1172.54,4806215
2024-11-04,1110.52,1140.27,1103.29,1115.23,5544816
2024-11-05,1107.17,1115.26,1098.38,1104.22,5601089
2024-11-06,1075.02,1081.93,1071.99,1076.49,5338827
2024-11-07,1092.1,1101.47,1084.75,1089.57,5860786
2024-11-08,1145.38,1154.81,1130.75,1142.93,3373701
2024-11-11,1068.54,1072.19,1054.85,1071.29,5409027
2024-11-12,1074.24,1081.04,1067.39,1076.58,5282493
2024-11-13,1077.02,1085.38,1064.62,1071.53,5464809
2024-11-14,1101.84,1105.81,1081.35,1097.99,5222120
2024-11-15,1107.14,1109.69,1097.77,1107.21,3159834
2024-11-18,1289.82,1297.11,1285.51,1289.16,3092360
2024-11-19,1274.38,1287.91,1265.8,1275.99,1717449
2024-11-20,1243.12,1259.75,1239.93,1242.05,6372293
2024-11-21,1289.02,1300.75,1279.68,1290.87,6389721
2024-11-22,1287.74,1304.44,1285.99,1293.0,6416021
2024-11-25,1379.55,1392.61,1373.09,1383.21,5593166
2024-11-26,1381.58,1390.15,1363.41,1381.52,1844712
2024-11-27,1345.85,1349.21,1339.28,1348.9,3546293
2024-11-28,1280.28,1286.62,1274.17,1280.45,5388391
2024-11-29,1200.63,1203.79,1198.54,1203.22,5336296
2024-12-02,1137.56,1146.57,1129.3,1139.35,4786569
2024-12-03,1153.05,1175.68,1147.25,1151.08,5698704
2024-12-04,1173.4,1177.01,1157.4,1172.82,5150299
2024-12-05,1110.65,1127.5,1102.34,1110.68,5319876
2024-12-06,1149.07,1160.86,1145.7,1147.05,4150829
2024-12-09,1129.92,1151.2,1111.85,1128.84,6650241
2024-12-10,1138.96,1145.71,1128.46,1135.67,4474363
2024-12-11,1201.57,1213.36,1195.13,1202.68,3088090
2024-12-12,1241.08,1243.09,1236.82,1242.15,3952219
2024-12-13,1228.43,1242.95,1222.33,1231.64,4605300
2024-12-16,1193.86,1204.96,1192.37,1194.89,6678536
2024-12-17,1111.34,1124.13,1103.17,1109.2,5080714
2024-12-18,1085.42,1086.5,1069.22,1082.6,4860021
2024-12-19,1077.67,1086.33,1067.53,1075.6,3220184
2024-12-20,1036.27,1043.41,1030.05,1040.01,6364193
2024-12-23,1038.42,1040.14,1034.29,1036.17,4144355
2024-12-24,1036.07,1043.82,1034.37,1039.9,4998879
2024-12-25,1034.53,1036.83,1029.3,1032.68,7444161
2024-12-26,1009.61,1018.3,1001.3,1010.36,5943591
2024-12-27,1018.68,1027.11,1016.38,1017.25,2638472
2024-12-30,1031.28,1035.6,1012.46,1034.04,2420599
2024-12-31,998.55,1006.42,984.64,996.22,5061515
2025-01-01,1044.52,1073.16,1024.76,1047.59,3284332
2025-01-02,1043.52,1051.99,1042.9,1044.92,6168863
2025-01-03,1044.46,1047.04,1042.01,1046.55,5231119
2025-01-06,1070.02,1091.13,1060.53,1073.78,5423506
2025-01-07,1083.76,1105.89,1077.37,1083.56,4072776
2025-01-08,1125.38,1125.99,1117.93,1121.33,7871131
2025-01-09,1139.72,1145.96,1124.08,1133.67,9581963
2025-01-10,1110.84,1119.6,1110.53,1110.63,4740834
2025-01-13,1128.3,1128.89,1123.45,1125.78,5722758
2025-01-14,1083.08,1083.09,1060.38,1082.58,5327485
2025-01-15,1088.77,1092.96,1077.17,1087.68,4774345
2025-01-16,1086.65,1093.19,1083.36,1087.39,3886387
2025-01-17,1080.9,1089.11,1075.64,1080.47,3494462
2025-01-20,1077.75,1082.47,1067.22,1076.59,3416770
2025-01-21,1007.71,1019.07,998.77,1008.88,5813971
2025-01-22,990.42,997.89,988.46,990.58,4376884
2025-01-23,994.58,998.14,971.78,994.7,1174871
2025-01-24,1002.83,1003.66,992.57,1001.18,5880724
2025-01-27,964.61,978.77,955.77,966.68,5130247
2025-01-28,1011.27,1021.11,1002.69,1011.37,7288638
2025-01-29,985.81,987.36,973.33,982.05,5774112
2025-01-30,1019.23,1030.98,1015.37,1016.86,2890128
2025-01-31,1035.9,1036.93,1021.56,1033.11,1720335
2025-02-03,1010.96,1017.64,996.66,1010.91,4075567
2025-02-04,1077.38,1078.03,1071.9,1076.69,4223931
2025-02-05,1035.64,1040.37,1023.3,1033.57,6671845
2025-02-06,1071.65,1071.96,1062.38,1068.32,5188071
2025-02-07,1103.07,1116.99,1076.23,1107.39,6973147
2025-02-10,1079.83,1097.24,1074.5,1082.67,3136236
2025-02-11,1140.75,1142.61,1123.82,1137.77,6714132
2025-02-12,1128.25,1134.48,1116.47,1128.87,6334429
2025-02-13,1139.83,1149.74,1133.95,1141.36,2055293
2025-02-14,1149.95,1172.36,1144.54,1152.85,7278631
2025-02-17,1147.2,1150.67,1146.64,1148.47,5358645
2025-02-18,1179.28,1202.46,1156.24,1182.59,5827249
2025-02-19,1222.08,1227.69,1211.83,1216.99,3862258
2025-02-20,1145.73,1163.29,1139.43,1145.78,7212939
2025-02-21,1200.24,1212.59,1196.24,1200.38,3362020
2025-02-24,1134.88,1142.97,1102.11,1133.54,6523131
2025-02-25,1178.58,1184.56,1163.78,1176.32,6507031
2025-02-26,1227.05,1228.88,1218.02,1224.73,3696636
2025-02-27,1182.44,1192.21,1174.11,1179.91,8333294
2025-02-28,1162.65,1164.39,1156.96,1164.11,5589106
2025-03-03,1120.26,1122.13,1119.93,1120.93,6253111
2025-03-04,1115.25,1132.75,1104.23,1113.53,2833477
2025-03-05,1285.17,1287.83,1274.55,1286.53,8553773
2025-03-06,1323.3,1336.89,1312.57,1323.31,3310034
2025-03-07,1387.76,1388.12,1377.3,1386.66,6842844
2025-03-10,1459.68,1486.92,1448.97,1457.39,3672838
2025-03-11,1425.19,1437.12,1424.94,1430.28,4264257
2025-03-12,1423.15,1429.05,1392.26,1421.12,6477702
2025-03-13,1340.39,1364.14,1331.1,1341.01,6854943
2025-03-14,1306.74,1309.94,1294.87,1304.89,3242301
2025-03-17,1353.03,1377.39,1344.87,1350.93,6957861
2025-03-18,1435.4,1451.08,1417.17,1430.8,6888296
2025-03-19,1375.25,1375.88,1366.22,1371.54,3769680
2025-03-20,1348.22,1369.97,1327.27,1344.6,7763842
2025-03-21,1348.45,1350.89,1336.74,1344.57,2954768
2025-03-24,1359.83,1363.93,1329.92,1359.04,4266228
2025-03-25,1322.35,1340.42,1315.65,1322.26,6006504
2025-03-26,1345.59,1369.65,1340.47,1343.24,3908107
2025-03-27,1324.27,1330.7,1312.59,1322.34,5670736
2025-03-28,1322.04,1336.1,1306.91,1322.86,5636504
2025-03-31,1350.7,1363.74,1344.28,1349.61,4962779
2025-04-01,1351.03,1368.33,1325.83,1351.13,6572746
2025-04-02,1329.57,1341.15,1329.29,1331.85,4900472
2025-04-03,1331.37,1354.57,1316.99,1327.94,5627937
2025-04-04,1325.18,1325.77,1311.72,1325.03,7074389
2025-04-07,1314.53,1327.09,1307.82,1309.16,6514412
2025-04-08,1294.3,1298.56,1281.63,1298.52,6508906
2025-04-09,1372.96,1390.71,1367.54,1374.49,3452129
2025-04-10,1403.09,1410.18,1399.88,1403.0,6099650
2025-04-11,1392.98,1411.76,1374.35,1389.82,3882177
2025-04-14,1426.56,1434.29,1419.13,1425.42,3245919
2025-04-15,1411.0,1426.5,1402.72,1410.13,5161031
2025-04-16,1467.24,1504.69,1447.0,1470.56,3844687
2025-04-17,1487.6,1496.25,1472.85,1491.05,6529270
2025-04-18,1487.75,1487.96,1485.53,1486.79,6569019
2025-04-21,1507.51,1523.38,1492.77,1511.64,2266473
2025-04-22,1310.42,1331.5,1302.13,1311.82,3969514
2025-04-23,1263.49,1270.24,1245.68,1262.22,2969703
2025-04-24,1209.27,1211.72,1197.72,1211.66,4551570
2025-04-25,1222.74,1233.33,1203.17,1218.83,6008491
2025-04-28,1299.36,1304.41,1296.04,1296.19,4903731
2025-04-29,1398.33,1428.1,1394.6,1402.74,4353736
2025-04-30,1433.03,1447.7,1425.33,1435.7,7354949
2025-05-01,1455.72,1478.22,1453.63,1462.41,1633006
2025-05-02,1372.15,1377.7,1370.49,1374.31,7258610
2025-05-05,1351.73,1363.83,1344.17,1349.66,4430954
2025-05-06,1313.05,1317.25,1312.12,1314.14,5173050
2025-05-07,1288.24,1304.62,1286.2,1287.05,4460389
2025-05-08,1276.75,1286.99,1269.39,1280.65,7753487
2025-05-09,1262.81,1268.86,1246.4,1260.8,3343825
2025-05-12,1176.16,1179.68,1172.91,1177.47,5321897
2025-05-13,1209.82,1210.3,1209.48,1209.79,6144115
2025-05-14,1166.04,1174.29,1159.66,1166.26,2741734
2025-05-15,1174.13,1188.66,1160.84,1177.12,3842981
2025-05-16,1263.97,1269.05,1244.91,1266.89,5073258
2025-05-19,1230.26,1237.58,1218.61,1227.88,3898119
2025-05-20,1125.72,1128.35,1108.81,1124.83,4012498
2025-05-21,1116.97,1134.24,1103.89,1114.62,4756079
2025-05-22,1160.21,1171.51,1146.44,1159.46,6351142
2025-05-23,1243.19,1245.58,1238.8,1242.83,4770182
2025-05-26,1035.9,1043.82,1017.28,1039.49,7038980
2025-05-27,1058.1,1063.92,1053.69,1058.67,3727479
2025-05-28,1042.45,1048.8,1029.77,1042.51,3322788
2025-05-29,1043.65,1060.61,1033.71,1039.59,8398996
2025-05-30,1142.99,1144.15,1136.34,1141.42,4273426
2025-06-02,1087.24,1101.2,1079.53,1083.91,3231368
2025-06-03,1095.87,1112.07,1086.09,1094.56,2543223
2025-06-04,1112.04,1115.18,1095.72,1113.63,7047677
2025-06-05,1158.07,1158.15,1144.02,1157.8,4784652
2025-06-06,986.03,996.84,978.88,985.56,4926124
2025-06-09,995.27,1003.35,987.46,997.14,5078738
2025-06-10,983.7,993.6,982.85,984.45,6956188
2025-06-11,994.26,995.95,987.96,994.67,5049074
2025-06-12,986.83,988.17,980.1,983.67,9091774
2025-06-13,1002.03,1021.76,996.59,1006.21,5553781
2025-06-16,996.57,1001.46,991.13,994.18,7042334
2025-06-17,1006.4,1008.46,997.01,1008.29,6633148
2025-06-18,1005.4,1009.02,1005.15,1008.17,5285619
2025-06-19,1052.11,1065.61,1036.25,1049.64,4404257
2025-06-20,1050.23,1064.43,1046.64,1048.69,5879587
2025-06-23,988.96,989.93,976.03,986.48,6167081
2025-06-24,1033.61,1036.07,1014.87,1031.96,4431082
2025-06-25,1004.78,1010.81,996.77,1000.66,5618667
2025-06-26,979.99,985.76,978.77,978.9,7338392
2025-06-27,959.27,965.87,936.52,959.57,8679782
2025-06-30,1008.45,1010.14,991.19,1007.76,6728988
2025-07-01,938.35,944.89,922.24,936.02,8351671
2025-07-02,1043.98,1053.7,1037.85,1045.61,4347295
2025-07-03,1084.55,1104.33,1082.37,1085.96,6489456
2025-07-04,1094.79,1105.6,1083.55,1095.47,7515419
2025-07-07,1089.74,1106.64,1083.8,1094.35,3921408
2025-07-08,1106.64,1110.19,1099.26,1106.34,4583632
2025-07-09,1123.46,1143.47,1118.11,1127.71,8164795
2025-07-10,1154.63,1174.15,1150.21,1154.51,3797874
2025-07-11,1180.28,1206.89,1166.28,1178.24,3209294
2025-07-14,1181.88,1203.62,1170.28,1183.0,7833430
2025-07-15,1179.86,1181.46,1170.95,1175.92,7301766
2025-07-16,1167.34,1181.94,1148.79,1170.76,6070996
2025-07-17,1166.62,1176.72,1149.8,1163.85,5302086
2025-07-18,1213.69,1231.7,1194.22,1212.05,4669892
2025-07-21,1234.36,1239.76,1232.79,1238.61,5833797
2025-07-22,1124.55,1144.86,1117.39,1118.49,7930313
2025-07-23,1145.34,1146.16,1137.86,1145.49,5767033
2025-07-24,1152.34,1160.16,1133.04,1154.36,8883027
2025-07-25,1151.4,1172.84,1144.39,1154.65,3934286
2025-07-28,1139.57,1142.4,1133.91,1140.08,5354588
2025-07-29,1186.59,1213.43,1169.76,1186.89,4784902
2025-07-30,1228.27,1255.2,1216.78,1228.02,3634931
2025-07-31,1195.61,1197.15,1192.34,1196.32,5143348
2025-08-01,1216.12,1220.71,1209.05,1214.58,6067566
2025-08-04,1174.12,1185.57,1169.48,1175.03,6242253
2025-08-05,1116.31,1122.3,1112.37,1120.64,8908642
2025-08-06,1096.99,1107.81,1087.58,1097.32,6148991
2025-08-07,1126.6,1148.73,1115.6,1131.96,7261187
2025-08-08,1172.24,1188.85,1150.77,1171.41,5507072
